Example_Number,SMILES,Chemical_Name,TR-FRET assay protocol,Ki_BDI_uM,Ki_BDII_uM,Cellular proliferation: EC50 (μM)
1,C1(CC1)CN1C=C2C=C(C3=C(C4=C2C1CCN4)C(N(C=C3)C)=O)S(=O)(=O)C(C)C,"4-(cyclopropylmethyl)-7-(isopropylsulfonyl)-10-methyl-3,4-dihydro-1H-1,4,10-triazadibenzo[cd,f]azulen-11(10H)-one",E,0.0327,0.0105,0.0272
2,C1(CC1)CN1C=C2C=C(C3=C(C4=C2C1CCN4)C(N(C=C3)C)=O)S(=O)(=O)CC,"4-(cyclopropylmethyl)-7-(ethylsulfonyl)-10-methyl-3,4-dihydro-1H-1,4,10-triazadibenzo[cd,f]azulen-11(10H)-one",E,0.0246,0.00836,0.0192
3,C1(CC1)CN1C=C2C=C(C3=C(C4=C2C1C(CN4)CC)C(N(C=C3)C)=O)S(=O)(=O)CC,"4-(cyclopropylmethyl)-3-ethyl-7-(ethylsulfonyl)-10-methyl-3,4-dihydro-1H-1,4,10-triazadibenzo[cd,f]azulen-11(10H)-one",E,0.046,0.00891,0.0487
4,CN1C=CC2=C(C3=C4C(NC=C4C=C2S(=O)(=O)C)CCN3)C1=O,"10-methyl-7-(methylsulfonyl)-3,4-dihydro-1H-1,4,10-triazadibenzo[cd,f]azulen-11(10H)-one",E,2,3.09,ND
5,CN1C=CC2=C(C3=C4C(NC=C4C=C2CS(=O)(=O)C)CCN3)C1=O,"10-methyl-7-((methylsulfonyl)methyl)-3,4-dihydro-1H-1,4,10-triazadibenzo[cd,f]azulen-11(10H)-one",E,0.765,0.758,ND
6,C1(CC1)CN1C=C2C=C(C3=C(C4=C2C1CCN4)C(N(C=C3)C)=O)CS(=O)(=O)C,"4-(cyclopropylmethyl)-10-methyl-7-((methylsulfonyl)methyl)-3,4-dihydro-1H-1,4,10-triazadibenzo[cd,f]azulen-11(10H)-one",E,0.00108,0.00171,0.00201
7,C1(CC1)CN1C=C2C=C(C3=C(C4=C2C1C(CN4)C(=O)OCC)C(N(C=C3)C)=O)CS(=O)(=O)C,"ethyl 4-(cyclopropylmethyl)-10-methyl-7-((methylsulfonyl)methyl)-11-oxo-3,4,10,11-tetrahydro-1H-1,4,10-triazadibenzo[cd,f]azulene-3-carboxylate",B,0.0511,0.0267,0.0145
8,FC1=CC=C(C=C1)N1C=C2C=C(C3=C(C4=C2C1CCN4)C(N(C=C3)C)=O)S(=O)(=O)C,"4-(4-fluorophenyl)-10-methyl-7-(methylsulfonyl)-3,4-dihydro-1H-1,4,10-triazadibenzo[cd,f]azulen-11(10H)-one",E,0.000646,0.00377,0.00568
9,FC1=CC=C(C=C1)N1C=C2C=C(C3=C(C4=C2C1CCN4)C(N(C=C3)C)=O)CS(=O)(=O)C,"4-(4-fluorophenyl)-10-methyl-7-((methylsulfonyl)methyl)-3,4-dihydro-1H-1,4,10-triazadibenzo[cd,f]azulen-11(10H)-one",G,0.000453,0.00111,0.000721
10,C1(CC1)CN1N=C2C=C(C3=C(C4=C2C1CCN4)C(N(C=C3)C)=O)S(=O)(=O)N,"4-(cyclopropylmethyl)-10-methyl-11-oxo-3,4,10,11-tetrahydro-1H-1,4,5,10-tetraazadibenzo[cd,f]azulene-7-sulfonamide",E,0.00694,0.00599,0.0608
11,FC1=CC=C(C=C1)N1N=C2C=C(C3=C(C4=C2C1CCN4)C(N(C=C3)C)=O)C,"4-(4-fluorophenyl)-7,10-dimethyl-3,4-dihydro-1H-1,4,5,10-tetraazadibenzo[cd,f]azulen-11(10H)-one",G,0.00161,0.00257,0.00164
12,FC1=C(C=CC(=C1)F)N1C=C2C=C(C3=C(C4=C2C1CCN4)C(N(C=C3)C)=O)CS(=O)(=O)C,"4-(2,4-difluorophenyl)-10-methyl-7-((methylsulfonyl)methyl)-3,4-dihydro-1H-1,4,10-triazadibenzo[cd,f]azulen-11(10H)-one",G,0.00134,0.000472,0.004
13,C1(CC1)CN1C=C2C=CC3=C(C4=C2C1CCN4)C(N(C=C3)C)=O,"4-(cyclopropylmethyl)-10-methyl-3,4-dihydro-1H-1,4,10-triazadibenzo[cd,f]azulen-11(10H)-one",G,0.00484,0.00768,0.00726
14,C1(CC1)CN1C=C2C=C(C3=C(C4=C2C1C(CN4)CCC(=O)OC)C(N(C=C3)C)=O)CS(=O)(=O)C,"methyl 3-(4-(cyclopropylmethyl)-10-methyl-7-((methylsulfonyl)methyl)-11-oxo-3,4,10,11-tetrahydro-1H-1,4,10-triazadibenzo[cd,f]azulen-3-yl)propanoate",E,0.0069,0.000882,0.0146
15,,"4-(cyclopropylmethyl)-3-(2-methoxyethyl)-10-methyl-7-((methylsulfonyl)methyl)-3,4-dihydro-1H-1,4,10-triazadibenzo[11(10H)-one",E,0.00522,0.000631,0.00875
16,C(C1=CC=CC=C1)C1CNC2=C3C1NC=C3C=C(C3=C2C(N(C=C3)C)=O)CS(=O)(=O)C,"3-benzyl-10-methyl-7-((methylsulfonyl)methyl)-3,4-dihydro-1H-1,4,10-triazadibenzo[cd,f]azulen-11(10H)-one",E,0.0926,0.0189,0.337
17,CN1C=CC2=C(C3=C4C(NC=C4C=C2CS(=O)(=O)C)C(CN3)CCC(=O)OC)C1=O,"methyl 3-(10-methyl-7-((methylsulfonyl)methyl)-11-oxo-3,4,10,11-tetrahydro-1H-1,4,10-triazadibenzo[cd,f]azulen-3yl)propanoate",E,0.165,0.0539,ND
18,CN1C=CC2=C(C3=C4C(NC=C4C=C2CS(=O)(=O)C)C(CN3)CCC3=CC=CC=C3)C1=O,"10-methyl-7-((methylsulfonyl)methyl)-3-phenethyl-3,4-dihydro-1H-1,4,10-triazadibenzo[cd,f]azulen-11(10H)-one",E,0.145,0.0241,0.343
19,C(C(C)C)C1CNC2=C3C1NC=C3C=C(C3=C2C(N(C=C3)C)=O)CS(=O)(=O)C,"3-isobutyl-10-methyl-7-((methylsulfonyl)methyl)-3,4-dihydro-1H-1,4,10-triazadibenzo[cd,f]azulen-11(10H)-one",E,0.246,0.0438,0.37
20,FC1=CC=C(C=CC2CNC3=C4C2NC=C4/C=C(\C4=C3C(N(C=C4)C)=O)/CS(=O)(=O)C)C=C1,"(E)-3-(4-fluorostyryl)-10-methyl-7-((methylsulfonyl)methyl)-3,4-dihydro-1H-1,4,10-triazadibenzo[cd,f]azulen-11(10H)-one",E,0.158,0.0245,0.544
21,NC=1C2=C(C3=C4C(N(N=C4C1)C1=CC=C(C=C1)F)CCN3)C(N(C=C2)C)=O,"7-amino-4-(4-fluorophenyl)-10-methyl-3,4-dihydro-1H-1,4,5,10-tetraazadibenzo[cd,f]azulen-11(10H)-one",G,0.00443,0.003,0.00105
22,FC1=CC=C(C=C1)N1N=C2C=C(C3=C(C4=C2C1CCN4)C(N(C=C3)C)=O)NS(=O)(=O)CC,"N-(4-(4-fluorophenyl)-10-methyl-11-oxo-3,4,10,11-tetrahydro-1H-1,4,5,10-tetraazadibenzo[cd,f]azulen-7-yl)ethanesulfonamide",G,0.000875,0.00095,0.00171
23,FC1=C(C=CC(=C1)F)N1N=C2C=C(C3=C(C4=C2C1CCN4)C(N(C=C3)C)=O)NS(=O)(=O)CC,"N-(4-(2,4-difluorophenyl)-10-methyl-11-oxo-3,4,10,11-tetrahydro-1H-1,4,5,10-tetraazadibenzo[cd,f]azulen-7yl)ethanesulfonamide",E,0.0017,0.000783,0.007
24,C(CCC)N1C=C2C=C(C3=C(C4=C2C1CCN4)C(N(C=C3)C)=O)CS(=O)(=O)C,"4-butyl-10-methyl-7-((methylsulfonyl)methyl)-3,4-dihydro-1H-1,4,10-triazadibenzo[cd,f]azulen-11(10H)-one",E,0.000963,0.000801,0.00107
25,CN1C=CC2=C(C3=C4C(N(C=C4C=C2CS(=O)(=O)C)CC2CN(CC2)C(=O)OC(C)(C)C)CCN3)C1=O,"tert-butyl 3-((10-methyl-7-((methylsulfonyl)methyl)-11-oxo-10,11-dihydro-1H-1,4,10-triazadibenzo[cd,f]azulen4(3H)-yl)methyl)pyrrolidine-1-carboxylate",E,0.00174,0.000847,0.0087
26,CN1C=CC2=C(C3=C4C(N(C=C4C=C2CS(=O)(=O)C)CC2COCC2)CCN3)C1=O,"10-methyl-7-((methylsulfonyl)methyl)-4-((tetrahydrofuran-3-yl)methyl)-3,4-dihydro-1H-1,4,10-triazadibenzo[cd,f]azulen-11(10H)-one",G,0.000701,0.000719,0.00103
27,FC1(CCC(CC1)CN1C=C2C=C(C3=C(C4=C2C1CCN4)C(N(C=C3)C)=O)CS(=O)(=O)C)F,"4-((4,4-difluorocyclohexyl)methyl)-10-methyl-7-((methylsulfonyl)methyl)-3,4-dihydro-1H-1,4,10-triazadibenzo[cd,f]azulen-11(10H)-one",E,0.00119,0.00101,0.00127
28,CN1C=CC2=C(C3=C4C(N(C=C4C=C2CS(=O)(=O)C)CC2CCN(CC2)C(=O)OC(C)(C)C)CCN3)C1=O,"tert-butyl 4-((10-methyl-7-((methylsulfonyl)methyl)-11-oxo-10,11-dihydro-1H-1,4,10-triazadibenzo[cd,f]azulen-4(3H)-yl)methyl)piperidine-1-carboxylate",E,0.0011,0.00117,0.0137
29,CN1C=CC2=C(C3=C4C(N(C=C4C=C2CS(=O)(=O)C)CC2COCCC2)CCN3)C1=O,"10-methyl-7-((methylsulfonyl)methyl)-4-((tetrahydro-2H-pyran-3-yl)methyl)-3,4-dihydro-1H-1,4,10-triazadibenzo[cd,f]azulen-11(10H)-one",E,0.00695,0.00274,0.00103
30,FC1(CCC(CC1)N1C=C2C=C(C3=C(C4=C2C1CCN4)C(N(C=C3)C)=O)CS(=O)(=O)C)F,"4-(4,4-difluorocyclohexyl)-10-methyl-7-((methylsulfonyl)methyl)-3,4-dihydro-1H-1,4,10-triazadibenzo[cd,f]azulen-11(10H)-one",E,0.00498,0.00136,0.00139
31,,"4-(4-fluorophenyl)-(3,3-2H)-10-methyl-7-((methylsulfonyl)methyl)-3,4-dihydro-1H-1,4,10-triazadibenzo[cd,f]azulen11(10H)-one",G,0.00167,0.00118,0.000752
32,FC=1C2=C(C3=C4C(N(N=C4C1)C1=CC=C(C=C1)F)CCN3)C(N(C=C2)C)=O,"7-fluoro-4-(4-fluorophenyl)-10-methyl-3,4-dihydro-1H-1,4,5,10-tetraazadibenzo[cd,f]azulen-11(10H)-one",G,0.00101,0.00114,0.00138
33,FC1=CC=C(C=C1)N1N=C2C=C(C3=C(C4=C2C1C(CN4)C4=CC=CC=C4)C(N(C=C3)C)=O)C,"4-(4-fluorophenyl)-7,10-dimethyl-3-phenyl-3,4-dihydro-1H-1,4,5,10-tetraazadibenzo[cd,f]azulen-11(10H)-one",G,0.0383,0.0228,0.495
34,FC1=CC=C(C=C1)N1C=C2C=C(C3=C(C4=C2C1C(CN4)C(=O)OCC)C(N(C=C3)C)=O)CS(=O)(=O)C,"ethyl 4-(4-fluorophenyl)-10-methyl-7-((methylsulfonyl)methyl)-11-oxo-3,4,10,11-tetrahydro-1H-1,4,10-triazadibenzo[cd,f]azulene-3-carboxylate",G,0.00245,0.00389,0.0147
35,FC1=CC=C(C=C1)N1C=C2C=C(C3=C(C4=C2C1C(CN4)C(=O)N4CCN(CC4)C(=O)OC(C)(C)C)C(N(C=C3)C)=O)CS(=O)(=O)C,"tert-butyl 4-(4-(4-fluorophenyl)-10-methyl-7-((methylsulfonyl)methyl)-11-oxo-3,4,10,11-tetrahydro-1H-1,4,10-triazadibenzo[cd,f]azulene-3-carbonyl)piperazine-1-carboxylate",G,0.0355,0.0951,0.331
36,CN1C=CC2=C(C3=C4C(N(C=C4C=C2CS(=O)(=O)C)CC2CNCC2)CCN3)C1=O,"10-methyl-7-((methylsulfonyl)methyl)-4-(pyrrolidin-3-ylmethyl)-3,4-dihydro-1H-1,4,10-triazadibenzo[cd,f]azulen-11(10H)-one",G,0.00505,0.00625,>1
37,CN1C=CC2=C(C3=C4C(N(C=C4C=C2CS(=O)(=O)C)CC2CCNCC2)CCN3)C1=O,"10-methyl-7-((methylsulfonyl)methyl)-4-(piperidin-4-ylmethyl)-3,4-dihydro-1H-1,4,10-triazadibenzo[cd,f]azulen-11(10H)-one",G,0.00336,0.0024,>1
38,FC=1C2=C(C3=C4C(NN=C4C1)CCN3)C(N(C=C2)C)=O,"7-fluoro-10-methyl-3,4-dihydro-1H-1,4,5,10-tetraazadibenzo[cd,f]azulen-11(10H)-one",G,> 0.238,> 0.408,ND
39,FC=1C2=C(C3=C4C(NN=C4C1)C(CN3)C(=O)OCC)C(N(C=C2)C)=O,"ethyl 7-fluoro-10-methyl-11-oxo-3,4,10,11-tetrahydro-1H-1,4,5,10-tetraazadibenzo[cd,f]azulene-3-carboxylate",G,> 0.238,> 0.408,ND
40,FC1=CC=C(C=C1)N1C=C2C=C(C3=C(C4=C2C1C(CN4)C(=O)N4CCC(CC4)OC)C(N(C=C3)C)=O)CS(=O)(=O)C,"4-(4-fluorophenyl)-3-(4-methoxypiperidine-1-carbonyl)-10-methyl-7-((methylsulfonyl)methyl)-3,4-dihydro-1H-1,4,10-triazadibenzo[cd,f]azulen-11(10H)-one",G,0.0294,0.136,0.398
41,FC1=CC=C(C=C1)N1C=C2C=C(C3=C(C4=C2C1C(CN4)C(=O)N4CCN(CC4)C)C(N(C=C3)C)=O)CS(=O)(=O)C,"4-(4-fluorophenyl)-10-methyl-3-(4-methylpiperazine-1-carbonyl)-7-((methylsulfonyl)methyl)-3,4-dihydro-1H-1,4,10-triazadibenzo[cd,f]azulen-11(10H)-one",G,0.0495,0.0578,>1
42,FC=1N(C2C3=C(C4=C(C(=CC13)F)C=CN(C4=O)C)NCC2)CC2COCC2,"5,7-difluoro-10-methyl-4-((tetrahydrofuran-3-yl)methyl)-3,4-dihydro-1H-1,4,10-triazadibenzo[cd,f]azulen-11(10H)-one",G,0.00156,0.00203,0.00544
43,FC1=CC=C(C=C1)N1N=C2C=C(C3=C(C4=C2C1C(CN4)C(=O)OCC)C(N(C=C3)C)=O)C,"ethyl 4-(4-fluorophenyl)-7,10-dimethyl-11-oxo-3,4,10,11-tetrahydro-1H-1,4,5,10-tetraazadibenzo[cd,f]azulene-3-carboxylate",G,0.00729,0.0247,ND
44,C1(CCCC1)NC(=O)N1C=C2C=C(C3=C(C4=C2C1CCN4)C(N(C=C3)C)=O)CS(=O)(=O)C,"N-cyclopentyl-10-methyl-7-((methylsulfonyl)methyl)-11-oxo-10,11-dihydro-1H-1,4,10-triazadibenzo[cd,f]azulene-4(3H)-carboxamide",G,0.00261,0.00247,0.0487
45,C(C)NC(=O)N1C=C2C=C(C3=C(C4=C2C1CCN4)C(N(C=C3)C)=O)CS(=O)(=O)C,"N-ethyl-10-methyl-7-((methylsulfonyl)methyl)-11-oxo-10,11-dihydro-1H-1,4,10-triazadibenzo[cd,f]azulene-4(3H)-carboxamide",G,0.00392,0.00375,0.141
46,FC1=CC=C(C=C1)NC(=O)N1C=C2C=C(C3=C(C4=C2C1CCN4)C(N(C=C3)C)=O)CS(=O)(=O)C,"N-(4-fluorophenyl)-10-methyl-7-((methylsulfonyl)methyl)-11-oxo-10,11-dihydro-1H-1,4,10-triazadibenzo[cd,f]azulene-4(3H)-carboxamide",G,0.0137,0.00748,0.152
47,C(CCC)N1C(=C2C=C(C3=C(C4=C2C1CCN4)C(N(C=C3)C)=O)F)F,"4-butyl-5,7-difluoro-10-methyl-3,4-dihydro-1H-1,4,10-triazadibenzo[cd,f]azulen-11(10H)-one",G,0.00137,0.00127,0.00833
48,FC=1N(C2C3=C(C4=C(C(=CC13)F)C=CN(C4=O)C)NCC2)CCC,"5,7-difluoro-10-methyl-4-propyl-3,4-dihydro-1H-1,4,10-triazadibenzo[cd,f]azulen-11(10H)-one",G,0.00112,0.000855,0.00441
49,C1(CC1)CN1C(=C2C=C(C3=C(C4=C2C1CCN4)C(N(C=C3)C)=O)F)F,"4-(cyclopropylmethyl)-5,7-difluoro-10-methyl-3,4-dihydro-1H-1,4,10-triazadibenzo[cd,f]azulen-11(10H)-one",G,0.00199,0.00221,0.00863
50,FC=1N(C2C3=C(C4=C(C(=CC13)F)C=CN(C4=O)C)NCC2)CCCC(=O)OC,"methyl 4-(5,7-difluoro-10-methyl-11-oxo-10,11-dihydro-1H-1,4,10-triazadibenzo[cd,f]azulen-4(3H)-yl)butanoate",G,0.00344,0.00551,0.0422
51,FC=1N(C2C3=C(C4=C(C(=CC13)F)C=CN(C4=O)C)NCC2)CCCC2=CC=CC=C2,"5,7-difluoro-10-methyl-4-(3-phenylpropyl)-3,4-dihydro-1H-1,4,10-triazadibenzo[cd,f]azulen-11(10H)-one",G,0.00443,0.0132,0.174
52,CN1C=CC2=C(C3=C4C(N(C=C4C=C2CS(=O)(=O)C)C(=O)NC2=C(C=CC=C2)C)CCN3)C1=O,"10-methyl-7-((methylsulfonyl)methyl)-11-oxo-N-(o-tolyl)-10,11-dihydro-1H-1,4,10-triazadibenzo[cd,f]azulene-4(3H)-carboxamide",G,0.0174,0.00499,0.247
53,CN1C=CC2=C(C3=C4C(N(C=C4C=C2CS(=O)(=O)C)C(=O)OCC(CCCC)CC)CCN3)C1=O,"2-ethylhexyl 10-methyl-7-((methylsulfonyl)methyl)-11-oxo-10,11-dihydro-1H-1,4,10-triazadibenzo[cd,f]azulene4(3H)-carboxylate",G,0.00478,0.0219,ND
54,C(C(C)C)(=O)N1C=C2C=C(C3=C(C4=C2C1CCN4)C(N(C=C3)C)=O)CS(=O)(=O)C,"4-isobutyryl-10-methyl-7-((methylsulfonyl)methyl)-3,4-dihydro-1H-1,4,10-triazadibenzo[cd,f]azulen-11(10H)-one",G,0.00585,0.00145,ND
55,FC=1N(C2C3=C(C4=C(C(=CC13)F)C=CN(C4=O)C)NCC2)CCC2=CC=CC=C2,"5,7-difluoro-10-methyl-4-phenethyl-3,4-dihydro-1H-1,4,10-triazadibenzo[cd,f]azulen-11(10H)-one",G,0.00896,0.0159,0.146
56,O1COC2=C1C=CC(=C2)CCN2C(=C1C=C(C3=C(C4=C1C2CCN4)C(N(C=C3)C)=O)F)F,"4-(2-(benzo[d][1,3]dioxol-5-yl)ethyl)-5,7-difluoro-10-methyl-3,4-dihydro-1H-1,4,10-triazadibenzo[cd,f]azulen-11(10H)-one",G,0.0144,0.0353,0.197
57,C1(=CC=CC=C1)\C(=C/N1C(=C2C=C(C3=C(C4=C2C1CCN4)C(N(C=C3)C)=O)F)F)\C=C\C3=CC=CC=C3,"4-((1Z,3E)-2,4-diphenylbuta-1,3-dien-1-yl)-5,7-difluoro-10-methyl-3,4-dihydro-1H-1,4,10-triazadibenzo[cd,f]azulen-11(10H)-one",G,0.0647,0.0906,ND
58,ClC1=CC=C(C=C1)N1C=C2C=C(C3=C(C4=C2C1CC(N4)C(=O)N)C(N(C=C3)C)=O)CS(=O)(=O)C,"4-(4-chlorophenyl)-10-methyl-7-((methylsulfonyl)methyl)-11-oxo-3,4,10,11-tetrahydro-1H-1,4,10-triazadibenzo[cd,f]azulene-2-carboxamide",G,0.00202,0.000617,0.00538
59,ClC1=CC=C(C=C1)N1C=C2C=C(C3=C(C4=C2C1CC(N4)C(=O)NCC)C(N(C=C3)C)=O)CS(=O)(=O)C,"4-(4-chlorophenyl)-N-ethyl-10-methyl-7-((methylsulfonyl)methyl)-11-oxo-3,4,10,11-tetrahydro-1H-1,4,10-triazadibenzo[cd,f]azulene-2-carboxamide",G,0.0031,0.000972,0.0038
60,ClC1=CC=C(C=C1)N1C=C2C=C(C3=C(C4=C2C1CC(N4)C(=O)N4CCN(CC4)C)C(N(C=C3)C)=O)CS(=O)(=O)C,"4-(4-chlorophenyl)-10-methyl-2-(4-methylpiperazine-1-carbonyl)-7-((methylsulfonyl)methyl)-3,4-dihydro-1H-1,4,10-triazadibenzo[cd,f]azulen-11(10H)-one",G,0.00255,0.0331,0.115
61,,"N-(2,6-dimethylphenyl)-10-methyl-7-((methylsulfonyl)methyl)-11-oxo-10,11-dihydro-1H-1,4,10-triazadibenzo[cd,fl azulene-4(3H)-carboxamide",G,0.0211,0.00374,> 1
62,COC1=CC=C(C=C1)NC(=O)N1C=C2C=C(C3=C(C4=C2C1CCN4)C(N(C=C3)C)=O)CS(=O)(=O)C,"N-(4-methoxyphenyl)-10-methyl-7-((methylsulfonyl)methyl)-11-oxo-10,11-dihydro-1H-1,4,10-triazadibenzo[cd,f]azulene-4(3H)-carboxamide",G,0.00723,0.00473,0.91
63,C(C)C1=CC=C(CCNC(=O)N2C=C3C=C(C4=C(C5=C3C2CCN5)C(N(C=C4)C)=O)CS(=O)(=O)C)C=C1,"N-(4-ethylphenethyl)-10-methyl-7-((methylsulfonyl)methyl)-11-oxo-10,11-dihydro-1H-1,4,10-triazadibenzo[cd,f]azulene-4(3H)-carboxamide",G,0.0822,0.0736,ND
64,CN1C=CC2=C(C3=C4C(N(C=C4C=C2CS(=O)(=O)C)C(=O)NCCC)CCN3)C1=O,"10-methyl-7-((methylsulfonyl)methyl)-11-oxo-N-propyl-10,11-dihydro-1H-1,4,10-triazadibenzo[cd,f]azulene-4(3H)-carboxamide",G,0.00269,0.00285,0.0846
65,COC=1C=C(CNC(=O)N2C=C3C=C(C4=C(C5=C3C2CCN5)C(N(C=C4)C)=O)CS(=O)(=O)C)C=CC1,"N-(3-methoxybenzyl)-10-methyl-7-((methylsulfonyl)methyl)-11-oxo-10,11-dihydro-1H-1,4,10-triazadibenzo[cd,f]azulene-4(3H)-carboxamide",G,> 0.238,0.238,ND
66,ClCCNC(=O)N1C=C2C=C(C3=C(C4=C2C1CCN4)C(N(C=C3)C)=O)CS(=O)(=O)C,"N-(2-chloroethyl)-10-methyl-7-((methylsulfonyl)methyl)-11-oxo-10,11-dihydro-1H-1,4,10-triazadibenzo[cd,f]azulene-4(3H)-carboxamide",G,> 0.238,> 0.408,ND
67,C1(CCCCC1)CNC(=O)N1C=C2C=C(C3=C(C4=C2C1CCN4)C(N(C=C3)C)=O)CS(=O)(=O)C,"N-(cyclohexylmethyl)-10-methyl-7-((methylsulfonyl)methyl)-11-oxo-10,11-dihydro-1H-1,4,10-triazadibenzo[cd,f]azulene-4(3H)-carboxamide",G,> 0.238,> 0.408,ND
68,FC1=C(C=CC(=C1)F)NC(=O)N1C=C2C=C(C3=C(C4=C2C1CCN4)C(N(C=C3)C)=O)CS(=O)(=O)C,"N-(2,4-difluorophenyl)-10-methyl-7-((methylsulfonyl)methyl)-11-oxo-10,11-dihydro-1H-1,4,10-triazadibenzo[cd,f]azulene-4(3H)-carboxamide",G,0.0127,0.00422,0.0401
69,C(C)(C)C1=CC=C(C=C1)NC(=O)N1C=C2C=C(C3=C(C4=C2C1CCN4)C(N(C=C3)C)=O)CS(=O)(=O)C,"N-(4-isopropylphenyl)-10-methyl-7-((methylsulfonyl)methyl)-11-oxo-10,11-dihydro-1H-1,4,10-triazadibenzo[cd,f]azulene-4(3H)-carboxamide",G,0.00325,0.00324,0.0431
70,FC1=C(C(=CC=C1)F)NC(=O)N1C=C2C=C(C3=C(C4=C2C1CCN4)C(N(C=C3)C)=O)CS(=O)(=O)C,"N-(2,6-difluorophenyl)-10-methyl-7-((methylsulfonyl)methyl)-11-oxo-10,11-dihydro-1H-1,4,10-triazadibenzo[cd,f]azulene-4(3H)-carboxamide",G,0.00741,0.00188,0.131
71,FC1=C(C=C(C=C1)NC(=O)N1C=C2C=C(C3=C(C4=C2C1CCN4)C(N(C=C3)C)=O)CS(=O)(=O)C)C(F)(F)F,"N-(4-fluoro-3-(trifluoromethyl)phenyl)-10-methyl-7-((methylsulfonyl)methyl)-11-oxo-10,11-dihydro-1H-1,4,10-triazadibenzo[cd,f]azulene-4(3H)-carboxamide",G,0.0304,0.0267,ND
72,CN1C=CC2=C(C3=C4C(N(C=C4C=C2CS(=O)(=O)C)C(=O)NCC2CCC(CC2)C(=O)OCC)CCN3)C1=O,"ethyl 4-((10-methyl-7-((methylsulfonyl)methyl)-11-oxo-3,4,10,11-tetrahydro-1H-1,4,10-triazadibenzo[cd,f]azulene-4carboxamido)methyl)cyclohexanecarboxylate",G,0.0262,0.037,ND
73,COCCCNC(=O)N1C=C2C=C(C3=C(C4=C2C1CCN4)C(N(C=C3)C)=O)CS(=O)(=O)C,"N-(3-methoxypropyl)-10-methyl-7-((methylsulfonyl)methyl)-11-oxo-10,11-dihydro-1H-1,4,10-triazadibenzo[cd,f]azulene-4(3H)-carboxamide",G,0.0165,0.0194,ND
74,,"10-methyl-7-((methylsulfonyl)methyl)-4-tosyl-3,4-dihydro-1H-1,4,10-triazadibenzo[cd,f]azulen-11(1OH)-one",G,> 0.238,0.369,ND
75,C1(=CC=C(C=C1)S(=O)(=O)N1C=C2C=C(C3=C(C4=C2C1CCN4)C(N(C=C3)C)=O)CS(=O)(=O)C)C3=CC=CC=C3,"4-([1,1’-biphenyl]-4-ylsulfonyl)-10-methyl-7-((methylsulfonyl)methyl)-3,4-dihydro-1H-1,4,10-triazadibenzo[cd,f]azulen-11(10H)-one",G,> 0.238,> 0.408,ND
76,COC1=CC=C(C=C1)S(=O)(=O)N1C=C2C=C(C3=C(C4=C2C1CCN4)C(N(C=C3)C)=O)CS(=O)(=O)C,"4-((4-methoxyphenyl)sulfonyl)-10-methyl-7-((methylsulfonyl)methyl)-3,4-dihydro-1H-1,4,10-triazadibenzo[cd,f]azulen11(10H)-one",G,> 0.238,> 0.408,ND
77,CN1C=CC2=C(C3=C4C(N(C=C4C=C2CS(=O)(=O)C)S(=O)(=O)C2=CC=CC=C2)CCN3)C1=O,"10-methyl-7-((methylsulfonyl)methyl)-4-(phenylsulfonyl)-3,4-dihydro-1H-1,4,10-triazadibenzo[cd,f]azulen-11(10H)-one",G,> 0.238,0.275,ND
78,COC1=C(C=CC=C1)S(=O)(=O)N1C=C2C=C(C3=C(C4=C2C1CCN4)C(N(C=C3)C)=O)CS(=O)(=O)C,"4-((2-methoxyphenyl)sulfonyl)-10-methyl-7-((methylsulfonyl)methyl)-3,4-dihydro-1H-1,4,10-triazadibenzo[cd,f]azulen-11(10H)-one",G,0.216,0.126,ND
79,CN1C=CC2=C(C3=C4C(N(C=C4C=C2CS(=O)(=O)C)S(=O)(=O)C2=CC=C(C=C2)OC2=CC=CC=C2)CCN3)C1=O,"10-methyl-7-((methylsulfonyl)methyl)-4-((4-phenoxyphenyl)sulfonyl)-3,4-dihydro-1H-1,4,10-triazadibenzo[cd,f]azulen11(10H)-one",G,> 0.238,> 0.408,ND
80,FC1=CC=C(C=C1)S(=O)(=O)N1C=C2C=C(C3=C(C4=C2C1CCN4)C(N(C=C3)C)=O)CS(=O)(=O)C,"4-((4-fluorophenyl)sulfonyl)-10-methyl-7-((methylsulfonyl)methyl)-3,4-dihydro-1H-1,4,10-triazadibenzo[cd,f]azulen-11(10H)-one",G,> 0.238,> 0.408,ND
81,C1=C(C=CC2=CC=CC=C12)C(=O)N1C=C2C=C(C3=C(C4=C2C1CCN4)C(N(C=C3)C)=O)CS(=O)(=O)C,"4-(2-naphthoyl)-10-methyl-7-((methylsulfonyl)methyl)-3,4-dihydro-1H-1,4,10-triazadibenzo[cd,f]azulen-11(10H)-one",G,0.0517,0.0323,ND
82,FC1=C(C=CC(=C1)F)N1C=C2C=C(C3=C(C4=C2C1C(CN4)CCC(=O)OC)C(N(C=C3)C)=O)CS(=O)(=O)C,"methyl 3-(4-(2,4-difluorophenyl)-10-methyl-7-((methylsulfonyl)methyl)-11-oxo-3,4,10,11-tetrahydro-1H-1,4,10-triazadibenzo[cd,f]azulen-3-yl)propanoate",G,0.0133,0.00112,0.979
83,FC1=C(C=CC(=C1)F)N1N=C2C=NC3=C(C4=C2C1CCN4)C(N(C=C3)C)=O,"4-(2,4-difluorophenyl)-10-methyl-3,4-dihydro-1H-1,4,5,7,10-pentaazadibenzo[cd,f]azulen-11(10H)-one",G,> 0.238,> 0.408,ND
84,FC1=CC=C(C=C1)N1C=C2C=C(C3=C(C4=C2C1[C@@H](CN4)C(=O)OCC)C(N(C=C3)C)=O)CS(=O)(=O)C,"(R)-ethyl 4-(4-fluorophenyl)-10-methyl-7-((methylsulfonyl)methyl)-11-oxo-3,4,10,11-tetrahydro-1H-1,4,10-triazadibenzo[cd,f]azulene-3-carboxylate",G,0.00224,0.00386,0.0177
85,,"(S)-ethyl 4-(4-fluorophenyl)-10-methyl-7-((methylsulfbnyl)methyl)-11-oxo-3,4,10,11-tetrahydro-1H-1,4,10-triazadibenzo[cd,f]azulene-3-carboxylate",G,0.0108,0.0111,0.0489
86,CN1C=CC2=C(C3=C4C(N(C=C4C=C2CS(=O)(=O)C)C(=O)OCCOC)CCN3)C1=O,"2-methoxyethyl 10-methyl-7-((methylsulfonyl)methyl)-11-oxo-10,11-dihydro-1H-1,4,10-triazadibenzo[cd,f]azulene-4(3H)-carboxylate",G,0.0103,0.0139,ND
87,CN1C=CC2=C(C3=C4C(N(C=C4C=C2CS(=O)(=O)C)C(=O)OCC)CCN3)C1=O,"ethyl 10-methyl-7-((methylsulfonyl)methyl)-11-oxo-10,11-dihydro-1H-1,4,10-triazadibenzo[cd,f]azulene-4(3H)-carboxylate",G,0.00254,0.0021,0.00469
88,CN1C=CC2=C(C3=C4C(N(C=C4C=C2CS(=O)(=O)C)C(=O)OCCCCC)CCN3)C1=O,"pentyl 10-methyl-7-((methylsulfonyl)methyl)-11-oxo-10,11-dihydro-1H-1,4,10-triazadibenzo[cd,f]azulene-4(3H)-carboxylate",G,0.00346,0.00176,ND
89,CN1C=CC2=C(C3=C4C(N(C=C4C=C2CS(=O)(=O)C)C(=O)OCCCCCl)CCN3)C1=O,"4-chlorobutyl 10-methyl-7-((methylsulfonyl)methyl)-11-oxo-10,11-dihydro-1H-1,4,10-triazadibenzo[cd,f]azulene-4(3H)-carboxylate",G,0.00577,0.00453,ND
90,CN1C=CC2=C(C3=C4C(N(C=C4C=C2CS(=O)(=O)C)C(=O)OC2=CC4=CC=CC=C4C=C2)CCN3)C1=O,"naphthalen-2-yl 10-methyl-7-((methylsulfonyl)methyl)-11-oxo-10,11-dihydro-1H-1,4,10-triazadibenzo[cd,f]azulene4(3H)-carboxylate",G,0.00132,0.00201,0.0306
91,CN1C=CC2=C(C3=C4C(N(C=C4C=C2CS(=O)(=O)C)C(=O)OC2=CC=C(C=C2)C)CCN3)C1=O,"p-tolyl 10-methyl-7-((methylsulfonyl)methyl)-11-oxo-10,11-dihydro-1H-1,4,10-triazadibenzo[cd,f]azulene-4(3H)-carboxylate",G,0.00327,0.00115,0.00181
92,CN1C=CC2=C(C3=C4C(N(C=C4C=C2CS(=O)(=O)C)C(=O)OCC(C)(C)C)CCN3)C1=O,"neopentyl 10-methyl-7-((methylsulfonyl)methyl)-11-oxo-10,11-dihydro-1H-1,4,10-triazadibenzo[cd,f]azulene-4(3H)-carboxylate",G,0.00374,0.00558,ND
93,CN1C=CC2=C(C3=C4C(N(C=C4C=C2CS(=O)(=O)C)C(=O)OC2=CC=CC=C2)CCN3)C1=O,"phenyl 10-methyl-7-((methylsulfonyl)methyl)-11-oxo-10,11-dihydro-1H-1,4,10-triazadibenzo[cd,f]azulene-4(3H)-carboxylate",G,0.00284,0.00163,0.00259
94,CN1C=CC2=C(C3=C4C(N(C=C4C=C2CS(=O)(=O)C)C(=O)OC2=CC=C(C=C2)F)CCN3)C1=O,"4-fluorophenyl 10-methyl-7-((methylsulfonyl)methyl)-11-oxo-10,11-dihydro-1H-1,4,10-triazadibenzo[cd,f]azulene-4(3H)-carboxylate",G,0.00603,0.00349,0.00602
95,CN1C=CC2=C(C3=C4C(N(C=C4C=C2CS(=O)(=O)C)C(=O)OC2=C(C=CC=C2)OC)CCN3)C1=O,"2-methoxyphenyl 10-methyl-7-((methylsulfonyl)methyl)-11-oxo-10,11-dihydro-1H-1,4,10-triazadibenzo[cd,f]azulene4(3H)-carboxylate",G,0.00218,0.00253,0.0141
96,CN1C=CC2=C(C3=C4C(N(C=C4C=C2CS(=O)(=O)C)C(=O)OCCF)CCN3)C1=O,"2-fluoroethyl 10-methyl-7-((methylsulfonyl)methyl)-11-oxo-10,11-dihydro-1H-1,4,10-triazadibenzo[cd,f]azulene-4(3H)-carboxylate",G,0.00346,0.00161,ND
97,CN1C=CC2=C(C3=C4C(N(C=C4C=C2CS(=O)(=O)C)C(=O)OC2=CC=C(C=C2)OC)CCN3)C1=O,"4-methoxyphenyl 10-methyl-7-((methylsulfonyl)methyl)-11-oxo-10,11-dihydro-1H-1,4,10-triazadibenzo[cd,f]azulene-4(3H)-carboxylate",G,0.00321,0.00135,ND
98,,"but-2-yn-1-yl 10-methyl-7-((methylsulfbnyl)methyl)-11-oxo-10,11-dihydro-1H-1,4,10-triazadibenzo[cd,f]azulene4(3H)-carboxylate",G,0.00234,0.00315,0.00441
99,FC1=C(C=CC(=C1)F)N1C=C2C=C(C3=C(C4=C2C1C(CN4)CCC(=O)N)C(N(C=C3)C)=O)CS(=O)(=O)C,"3-(4-(2,4-difluorophenyl)-10-methyl-7-((methylsulfonyl)methyl)-11-oxo-3,4,10,11-tetrahydro-1H-1,4,10-triazadibenzo[cd,f]azulen-3-yl)propanamide",G,0.0155,0.00166,0.165
100,FC1=CC=C(C(=O)N2C=C3C=C(C4=C(C5=C3C2CCN5)C(N(C=C4)C)=O)CS(=O)(=O)C)C=C1,"4-(4-fluorobenzoyl)-10-methyl-7-((methylsulfonyl)methyl)-3,4-dihydro-1H-1,4,10-triazadibenzo[cd,f]azulen-11(10H)-one",G,0.0298,0.00741,ND
101,COCCC(=O)N1C=C2C=C(C3=C(C4=C2C1CCN4)C(N(C=C3)C)=O)CS(=O)(=O)C,"4-(3-methoxypropanoyl)-10-methyl-7-((methylsulfonyl)methyl)-3,4-dihydro-1H-1,4,10-triazadibenzo[cd,f]azulen-11(10H)-one",G,0.00483,0.00277,ND
102,C1(=CC=C(C=C1)C(=O)N1C=C2C=C(C3=C(C4=C2C1CCN4)C(N(C=C3)C)=O)CS(=O)(=O)C)C3=CC=CC=C3,"4-([1,1’-biphenyl]-4-carbonyl)-10-methyl-7-((methylsulfonyl)methyl)-3,4-dihydro-1H-1,4,10-triazadibenzo[cd,f]azulen-11(10H)-one",G,0.00941,0.0269,0.151
103,C1(CCCC1)CCC(=O)N1C=C2C=C(C3=C(C4=C2C1CCN4)C(N(C=C3)C)=O)CS(=O)(=O)C,"4-(3-cyclopentylpropanoyl)-10-methyl-7-((methylsulfonyl)methyl)-3,4-dihydro-1H-1,4,10-triazadibenzo[cd,f]azulen11(10H)-one",G,0.00812,0.00471,ND
104,COC=1C=C(C=CC1)CC(=O)N1C=C2C=C(C3=C(C4=C2C1CCN4)C(N(C=C3)C)=O)CS(=O)(=O)C,"4-(2-(3-methoxyphenyl)acetyl)-10-methyl-7-((methylsulfonyl)methyl)-3,4-dihydro-1H-1,4,10-triazadibenzo[cd,f]azulen-11(10H)-one",G,0.0347,0.0262,ND
105,CN1C=CC2=C(C3=C4C(N(C=C4C=C2CS(=O)(=O)C)C(CC)=O)CCN3)C1=O,"10-methyl-7-((methylsulfonyl)methyl)-4-propionyl-3,4-dihydro-1H-1,4,10-triazadibenzo[cd,f]azulen-11(10H)-one",G,0.00549,0.00268,0.0162
106,CN1C=CC2=C(C3=C4C(N(C=C4C=C2CS(=O)(=O)C)C(CC(C)C)=O)CCN3)C1=O,"10-methyl-4-(3-methylbutanoyl)-7-((methylsulfonyl)methyl)-3,4-dihydro-1H-1,4,10-triazadibenzo[cd,f]azulen-11(10H)-one",G,0.00589,0.00191,0.0192
107,CC(CC(=O)N1C=C2C=C(C3=C(C4=C2C1CCN4)C(N(C=C3)C)=O)CS(=O)(=O)C)(C)C,"4-(3,3-dimethylbutanoyl)-10-methyl-7-((methylsulfonyl)methyl)-3,4-dihydro-1H-1,4,10-triazadibenzo[cd,f]azulen-11(10H)-one",G,0.00642,0.00379,0.00704
108,CN1C=CC2=C(C3=C4C(N(C=C4C=C2CS(=O)(=O)C)C(CC2=CC=CC=C2)=O)CCN3)C1=O,"10-methyl-7-((methylsulfonyl)methyl)-4-(2-phenylacetyl)-3,4-dihydro-1H-1,4,10-triazadibenzo[cd,f]azulen-11(10H)-one",G,0.0139,0.00211,0.165
109,C(C1=CC=CC=C1)(=O)N1C=C2C=C(C3=C(C4=C2C1CCN4)C(N(C=C3)C)=O)CS(=O)(=O)C,"4-benzoyl-10-methyl-7-((methylsulfonyl)methyl)-3,4-dihydro-1H-1,4,10-triazadibenzo[cd,f]azulen-11(10H)-one",G,0.0641,0.0156,ND
110,COC1=CC=C(C(=O)N2C=C3C=C(C4=C(C5=C3C2CCN5)C(N(C=C4)C)=O)CS(=O)(=O)C)C=C1,"4-(4-methoxybenzoyl)-10-methyl-7-((methylsulfonyl)methyl)-3,4-dihydro-1H-1,4,10-triazadibenzo[cd,f]azulen11(10H)-one",G,0.0417,0.0199,ND
111,CN1C=CC2=C(C3=C4C(N(C=C4C=C2CS(=O)(=O)C)C(CCC(=O)OC)=O)CCN3)C1=O,"methyl 4-(10-methyl-7-((methylsulfonyl)methyl)-11-oxo-10,11-dihydro-1H-1,4,10-triazadibenzo[cd,f]azulen-4(3H)-yl)-4oxobutanoate",G,0.0077,0.00331,0.084
112,FC1=C(C(=O)N2C=C3C=C(C4=C(C5=C3C2CCN5)C(N(C=C4)C)=O)CS(=O)(=O)C)C=CC(=C1)F,"4-(2,4-difluorobenzoyl)-10-methyl-7-((methylsulfonyl)methyl)-3,4-dihydro-1H-1,4,10-triazadibenzo[cd,f]azulen11(10H)-one",G,0.0532,0.0152,ND
113,FC1=C(C(=O)N2C=C3C=C(C4=C(C5=C3C2CCN5)C(N(C=C4)C)=O)CS(=O)(=O)C)C=CC=C1,"4-(2-fluorobenzoyl)-10-methyl-7-((methylsulfonyl)methyl)-3,4-dihydro-1H-1,4,10-triazadibenzo[cd,f]azulen-11(10H)-one",G,0.0856,0.0109,ND
114,C1(=CC=CC2=CC=CC=C12)C(=O)N1C=C2C=C(C3=C(C4=C2C1CCN4)C(N(C=C3)C)=O)CS(=O)(=O)C,"4-(1-naphthoyl)-10-methyl-7-((methylsulfonyl)methyl)-3,4-dihydro-1H-1,4,10-triazadibenzo[cd,f]azulen-11(10H)-one",G,0.112,0.0255,ND
115,C1(CC1)C(=O)N1C=C2C=C(C3=C(C4=C2C1CCN4)C(N(C=C3)C)=O)CS(=O)(=O)C,"4-(cyclopropanecarbonyl)-10-methyl-7-((methylsulfonyl)methyl)-3,4-dihydro-1H-1,4,10-triazadibenzo[cd,f]azulen-11(10H)-one",G,0.0087,0.00271,0.00783
116,CN1C=CC2=C(C3=C4C(N(C=C4C=C2CS(=O)(=O)C)C(CCC2=CC=CC=C2)=O)CCN3)C1=O,"10-methyl-7-((methylsulfonyl)methyl)-4-(3-phenylpropanoyl)-3,4-dihydro-1H-1,4,10-triazadibenzo[cd,f]azulen11(10H)-one",G,0.016,0.0112,ND
117,FC1=C(C=CC(=C1)F)N1C=C2C=C(C3=C(C4=C2C1C(CN4)CN4C(C1=CC=CC=C1C4=O)=O)C(N(C=C3)C)=O)CS(=O)(=O)C,"2-((4-(2,4-difluorophenyl)-10-methyl-7-((methylsulfonyl)methyl)-11-oxo-3,4,10,11-tetrahydro-1H-1,4,10-triazadibenzo[cd,f]azulen-3-yl)methyl)isoindoline-1,3-dione",G,0.0723,0.00127,>1
118,FC1=C(C=CC(=C1)F)N1C=C2C=C(C3=C(C4=C2C1C(CN4)CCC(=O)NC)C(N(C=C3)C)=O)CS(=O)(=O)C,"3-(4-(2,4-difluorophenyl)-10-methyl-7-((methylsulfonyl)methyl)-11-oxo-3,4,10,11-tetrahydro-1H-1,4,10-triazadibenzo[cd,f]azulen-3-yl)-N-methylpropanamide",G,0.0126,0.00138,0.174
119,FC1=C(C=CC(=C1)F)N1C=C2C=C(C3=C(C4=C2C1C(CN4)CCC(=O)N(C)C)C(N(C=C3)C)=O)CS(=O)(=O)C,"3-(4-(2,4-difluorophenyl)-10-methyl-7-((methylsulfonyl)methyl)-11-oxo-3,4,10,11-tetrahydro-1H-1,4,10-triazadibenzo[cd,f]azulen-3-yl)-N,N-dimethylpropanamide",G,0.0119,0.000602,0.134
120,FC1=C(C=CC(=C1)F)N1C=C2C=C(C3=C(C4=C2C1C(CN4)CCC(=O)N4CCOCC4)C(N(C=C3)C)=O)CS(=O)(=O)C,"4-(2,4-difluorophenyl)-10-methyl-7-((methylsulfonyl)methyl)-3-(3-morpholino-3-oxopropyl)-3,4-dihydro-1H-1,4,10-triazadibenzo[cd,f]azulen-11(10H)-one",G,0.00928,0.00159,>1
121,FC1=C(C=CC(=C1)F)N1C=C2C=C(C3=C(C4=C2C1C(CN4)CCC(=O)NC4CCOCC4)C(N(C=C3)C)=O)CS(=O)(=O)C,"3-(4-(2,4-difluorophenyl)-10-methyl-7-((methylsulfonyl)methyl)-11-oxo-3,4,10,11-tetrahydro-1H-1,4,10-triazadibenzo[cd,f]azulen-3-yl)-N-(tetrahydro-2H-pyran-4-yl)propanamide",G,0.00665,0.000799,>1
122,FC1=C(C=CC(=C1)F)N1C=C2C=C(C3=C(C4=C2C1C(CN4)CCC(=O)NN(C4=CC=CC=C4)C)C(N(C=C3)C)=O)CS(=O)(=O)C,"3-(4-(2,4-difluorophenyl)-10-methyl-7-((methylsulfonyl)methyl)-11-oxo-3,4,10,11-tetrahydro-1H-1,4,10-triazadibenzo[cd,f]azulen-3-yl)-N’-methyl-N’-phenylpropanehydrazide",G,0.0108,0.000922,>1
123,C(C1=CC=CC=C1)NC(CCC1CNC2=C3C1N(C=C3C=C(C3=C2C(N(C=C3)C)=O)CS(=O)(=O)C)C3=C(C=C(C=C3)F)F)=O,"N-benzyl-3-(4-(2,4-difluorophenyl)-10-methyl-7-((methylsulfonyl)methyl)-11-oxo-3,4,10,11-tetrahydro-1H-1,4,10-triazadibenzo[cd,f]azulen-3-yl)propanamide",G,0.00995,0.000983,>1
124,FC1=C(C=CC(=C1)F)N1C=C2C=C(C3=C(C4=C2C1C(CN4)CCC(=O)NC4CS(CC4)(=O)=O)C(N(C=C3)C)=O)CS(=O)(=O)C,"3-(4-(2,4-difluorophenyl)-10-methyl-7-((methylsulfonyl)methyl)-11-oxo-3,4,10,11-tetrahydro-1H-1,4,10-triazadibenzo[cd,f]azulen-3-yl)-N-(1,1-dioxidotetrahydrothiophen-3-yl)propanamide",G,0.00884,0.00278,0.944
125,FC1=C(C=CC(=C1)F)N1C=C2C=C(C3=C(C4=C2C1C(CN4)CCC(=O)N4CCN(CC4)C(=O)OC(C)(C)C)C(N(C=C3)C)=O)CS(=O)(=O)C,"tert-butyl 4-(3-(4-(2,4-difluorophenyl)-10-methyl-7-((methylsulfonyl)methyl)-11-oxo-3,4,10,11-tetrahydro-1H-1,4,10-triazadibenzo[cd,f]azulen-3-yl)propanoyl)piperazine-1-carboxylate",G,0.00926,0.00236,0.342
126,FC1=C(C=CC(=C1)F)N1C=C2C=C(C3=C(C4=C2C1C(CN4)CCC(=O)NC4CCN(CC4)C(=O)OC(C)(C)C)C(N(C=C3)C)=O)CS(=O)(=O)C,"tert-butyl 4-(3-(4-(2,4-difluorophenyl)-10-methyl-7-((methylsulfonyl)methyl)-11-oxo-3,4,10,11-tetrahydro-1H-1,4,10-triazadibenzo[cd,f]azulen-3-yl)propanamido)piperidine-1-carboxylate",G,0.0536,0.08,ND
127,ClC1=CC=C(C=C1)N1C=C2C=CC3=C(C4=C2C1CC(N4)C(=O)NCC)C(N(C=C3)C)=O,"4-(4-chlorophenyl)-N-ethyl-10-methyl-11-oxo-3,4,10,11-tetrahydro-1H-1,4,10-triazadibenzo[cd,f]azulene-2-carboxamide",G,0.00268,0.00135,0.0417
128,C(C)(=O)OCCCCCCC1CNC2=C3C1N(C=C3C=C(C3=C2C(N(C=C3)C)=O)CS(=O)(=O)C)C3=C(C=C(C=C3)F)F,"6-(4-(2,4-difluorophenyl)-10-methyl-7-((methylsulfonyl)methyl)-11-oxo-3,4,10,11-tetrahydro-1H-1,4,10-triazadibenzo[cd,f]azulen-3-yl)hexyl acetate",G,0.0291,0.002,0.0729
129,NCC1CNC2=C3C1N(C=C3C=C(C3=C2C(N(C=C3)C)=O)CS(=O)(=O)C)C3=C(C=C(C=C3)F)F,"3-(aminomethyl)-4-(2,4-difluorophenyl)-10-methyl-7-((methylsulfonyl)methyl)-3,4-dihydro-1H-1,4,10-triazadibenzo[cd,f]azulen-11(10H)-one",G,0.0162,0.0025,0.25
130,FC1=C(C=CC(=C1)F)N1C=C2C=C(C3=C(C4=C2C1C(CN4)CNC(=[N+](C)C)N(C)C)C(N(C=C3)C)=O)CS(=O)(=O)C,"N-((((4-(2,4-difluorophenyl)-10-methyl-7-((methylsulfonyl)methyl)-11-oxo-3,4,10,11-tetrahydro-1H-1,4,10-triazadibenzo[cd,f]azulen-3-yl)methyl)amino)(dimethylamino)methylene)-N-methylmethanaminium",G,0.215,0.0146,ND
131,FC1=C(C=CC(=C1)F)N1C=C2C=C(C3=C(C4=C2C1C(CN4)CCC(N4CCNCC4)=O)C(N(C=C3)C)=O)CS(=O)(=O)C,"4-(2,4-difluorophenyl)-10-methyl-7-((methylsulfonyl)methyl)-3-(3-oxo-3-(piperazin-1-yl)propyl)-3,4-dihydro-1H-1,4,10triazadibenzo[cd,f]azulen-11(10H)-one",G,0.0107,0.00235,>1
132,FC1=C(C=CC(=C1)F)N1C=C2C=C(C3=C(C4=C2C1C(CN4)CCC(=O)NC4CCNCC4)C(N(C=C3)C)=O)CS(=O)(=O)C,"3-(4-(2,4-difluorophenyl)-10-methyl-7-((methylsulfonyl)methyl)-11-oxo-3,4,10,11-tetrahydro-1H-1,4,10-triazadibenzo[cd,f]azulen-3-yl)-N-(piperidin-4-yl)propanamide",G,0.0113,0.00314,>1
133,C(C)(=O)OCC(CCC1CNC2=C3C1N(C=C3C=C(C3=C2C(N(C=C3)C)=O)CS(=O)(=O)C)C3=C(C=C(C=C3)F)F)OC(C)=O,"4-(4-(2,4-difluorophenyl)-10-methyl-7-((methylsulfonyl)methyl)-11-oxo-3,4,10,11-tetrahydro-1H-1,4,10-triazadibenzo[cd,f]azulen-3-yl)butane-1,2-diyl diacetate",G,0.00929,0.0014,0.204
134,FC1=C(C=CC(=C1)F)N1C=C2C=C(C3=C(C4=C2C1C(CN4)CCCCC(=O)OC)C(N(C=C3)C)=O)CS(=O)(=O)C,"methyl 5-(4-(2,4-difluorophenyl)-10-methyl-7-((methylsulfonyl)methyl)-11-oxo-3,4,10,1 1-tetrahydro-1H-1,4,10-triazadibenzo[cd,f]azulen-3-yl)pentanoate",G,0.0144,0.00111,0.182
135,C(C)(C)(C)OC(NCC(=O)NCC1CNC2=C3C1N(C=C3C=C(C3=C2C(N(C=C3)C)=O)CS(=O)(=O)C)C3=C(C=C(C=C3)F)F)=O,"tert-butyl(2-(((4-(2,4-difluorophenyl)-10-methyl-7-((methylsulfonyl)methyl)-11-oxo-3,4,10,11-tetrahydro-1H-1,4,10-triazadibenzo[cd,f]azulen-3-yl)methyl)amino)-2-oxoethyl)carbamate",G,0.0114,0.00214,0.51
136,FC1=C(C=CC(=C1)F)N1C=C2C=C(C3=C(C4=C2C1C(CN4)CCCCCCO)C(N(C=C3)C)=O)CS(=O)(=O)C,"4-(2,4-difluorophenyl)-3-(6-hydroxyhexyl)-10-methyl-7-((methylsulfonyl)methyl)-3,4-dihydro-1H-1,4,10-triazadibenzo[cd,f]azulen-11(10H)-one",G,0.0132,0.00133,0.0492
137,FC1=C(C=CC(=C1)F)N1C=C2C=C(C3=C(C4=C2C1C(CN4)CNC(C4=CC=CC=C4)=O)C(N(C=C3)C)=O)CS(=O)(=O)C,"N-((4-(2,4-difluorophenyl)-10-methyl-7-((methylsulfonyl)methyl)-11-oxo-3,4,10,11-tetrahydro-1H-1,4,10-triazadibenzo[cd,f]azulen-3-yl)methyl)benzamide",G,0.0517,0.00387,0.24
138,FC1=C(C=CC(=C1)F)N1C=C2C=C(C3=C(C4=C2C1C(CN4)CNC(=O)NC4=CC=CC=C4)C(N(C=C3)C)=O)CS(=O)(=O)C,"1-((4-(2,4-difluorophenyl)-10-methyl-7-((methylsulfonyl)methyl)-11-oxo-3,4,10,11-tetrahydro-1H-1,4,10-triazadibenzo[cd,f]azulen-3-yl)methyl)-3-phenylurea",G,0.0225,0.00194,0.256
139,NCC(=O)NCC1CNC2=C3C1N(C=C3C=C(C3=C2C(N(C=C3)C)=O)CS(=O)(=O)C)C3=C(C=C(C=C3)F)F,"2-amino-N-((4-(2,4-difluorophenyl)-10-methyl-7-((methylsulfonyl)methyl)-11-oxo-3,4,10,11-tetrahydro-1H-1,4,10-triazadibenzo[cd,f]azulen-3-yl)methyl)acetamide",G,0.0175,0.00233,0.627
140,FC1=C(C=CC(=C1)F)N1C=C2C=C(C3=C(C4=C2C1C(CN4)CCC(CO)O)C(N(C=C3)C)=O)CS(=O)(=O)C,"4-(2,4-difluorophenyl)-3-(3,4-dihydroxybutyl)-10-methyl-7-((methylsulfonyl)methyl)-3,4-dihydro-1H-1,4,10-triazadibenzo[cd,f]azulen-11(10H)-one",G,0.00999,0.00224,0.936
141,FC1=C(C=CC(=C1)F)N1C=C2C=C(C3=C(C4=C2C1C(CN4)C(=O)N)C(N(C=C3)C)=O)CS(=O)(=O)C,"4-(2,4-difluorophenyl)-10-methyl-7-((methylsulfonyl)methyl)-11-oxo-3,4,10,11-tetrahydro-1H-1,4,10-triazadibenzo[cd,f]azulene-3-carboxamide",G,0.0208,0.0109,0.319
142,FC1=C(C=CC(=C1)F)N1C=C2C=C(C3=C(C4=C2C1C(CN4)CCCO)C(N(C=C3)C)=O)CS(=O)(=O)C,"4-(2,4-difluorophenyl)-3-(3-hydroxypropyl)-10-methyl-7-((methylsulfonyl)methyl)-3,4-dihydro-1H-1,4,10-triazadibenzo[cd,f]azulen-11(10H)-one",G,0.00861,0.0006,0.0518
143,FC1=C(C=CC(=C1)F)N1C=C2C=C(C3=C(C4=C2C1C(CN4)CCCOC4=CC=CC=C4)C(N(C=C3)C)=O)CS(=O)(=O)C,"4-(2,4-difluorophenyl)-10-methyl-7-((methylsulfonyl)methyl)-3-(3-phenoxypropyl)-3,4-dihydro-1H-1,4,10-triazadibenzo[cd,f]azulen-11(10H)-one",G,0.0549,0.00306,0.175
144,FC1=C(C=CC(=C1)F)N1C=C2C=C(C3=C(C4=C2C1[C@H](CN4)CCCOC4=CC=CC=C4)C(N(C=C3)C)=O)CS(=O)(=O)C,"(S)-4-(2,4-difluorophenyl)-10-methyl-7-((methylsulfonyl)methyl)-3-(3-phenoxypropyl)-3,4-dihydro-1H-1,4,10-triazadibenzo[cd,f]azulen-11(10H)-one",G,> 0.238,0.0188,0.318
145,FC1=C(C=CC(=C1)F)N1C=C2C=C(C3=C(C4=C2C1[C@@H](CN4)CCCOC4=CC=CC=C4)C(N(C=C3)C)=O)CS(=O)(=O)C,"(R)-4-(2,4-difluorophenyl)-10-methyl-7-((methylsulfonyl)methyl)-3-(3-phenoxypropyl)-3,4-dihydro-1H-1,4,10-triazadibenzo[cd,f]azulen-11(10H)-one",G,0.0551,0.00138,0.0806
146,ClC1=CC=C(C=C1)N1C=C2C=CC3=C(C4=C2C1CC(N4)CN4CCN(CC4)C)C(N(C=C3)C)=O,"4-(4-chlorophenyl)-10-methyl-2-((4-methylpiperazin-1-yl)methyl)-3,4-dihydro-1H-1,4,10-triazadibenzo[cd,f]azulen11(10H)-one",G,0.00142,0.017,0.124
147,FC1=C(C=CC(=C1)F)N1C=C2C=C(C3=C(C4=C2C1C(CN4)CCCOC)C(N(C=C3)C)=O)CS(=O)(=O)C,"4-(2,4-difluorophenyl)-3-(3-methoxypropyl)-10-methyl-7-((methylsulfonyl)methyl)-3,4-dihydro-1H-1,4,10-triazadibenzo[cd,f]azulen-11(10H)-one",G,0.00702,0.00097,0.0203
148,FC1=C(C=CC(=C1)F)N1C=C2C=C(C3=C(C4=C2C1C(CN4)CCCOCC)C(N(C=C3)C)=O)CS(=O)(=O)C,"4-(2,4-difluorophenyl)-3-(3-ethoxypropyl)-10-methyl-7-((methylsulfonyl)methyl)-3,4-dihydro-1H-1,4,10-triazadibenzo[cd,f]azulen-11(10H)-one",G,0.00677,0.00054,0.0319
149,C(C(C)C)N1C=C2C=C(C3=C(C4=C2C1CCN4)C(N(C=C3)C)=O)CS(=O)(=O)C,"4-isobutyl-10-methyl-7-((methylsulfonyl)methyl)-3,4-dihydro-1H-1,4,10-triazadibenzo[cd,f]azulen-11(10H)-one",G,0.00178,0.00082,0.00193
150,C(C)N1CC(CCC1)CN1C=C2C=C(C3=C(C4=C2C1CCN4)C(N(C=C3)C)=O)CS(=O)(=O)C,"4-((1-ethylpiperidin-3-yl)methyl)-10-methyl-7-((methylsulfonyl)methyl)-3,4-dihydro-1H-1,4,10-triazadibenzo[cd,f]azulen-11(10H)-one",G,0.00405,0.0108,ND
151,CN1C=CC2=C(C3=C4C(N(C=C4C=C2CS(=O)(=O)C)C2CCOCC2)CCN3)C1=O,"10-methyl-7-((methylsulfonyl)methyl)-4-(tetrahydro-2H-pyran-4-yl)-3,4-dihydro-1H-1,4,10-triazadibenzo[cd,f]azulen11(10H)-one",G,0.00114,0.0023,0.00426
152,CC1(OCCC(C1)CN1C=C2C=C(C3=C(C4=C2C1CCN4)C(N(C=C3)C)=O)CS(=O)(=O)C)C,"4-((2,2-dimethyltetrahydro-2H-pyran-4-yl)methyl)-10-methyl-7-((methylsulfonyl)methyl)-3,4-dihydro-1H-1,4,10-triazadibenzo[cd,f]azulen-11(10H)-one",G,0.00718,0.011,ND
153,C(C)OCCC(C)N1C=C2C=C(C3=C(C4=C2C1CCN4)C(N(C=C3)C)=O)CS(=O)(=O)C,"4-(4-ethoxybutan-2-yl)-10-methyl-7-((methylsulfonyl)methyl)-3,4-dihydro-1H-1,4,10-triazadibenzo[cd,f]azulen-11(10H)-one",G,0.00372,0.00918,ND
154,C(#N)CCNC(=O)C1CNC2=C3C1N(C=C3C=C(C3=C2C(N(C=C3)C)=O)CS(=O)(=O)C)C3=C(C=C(C=C3)F)F,"N-(2-cyanoethyl)-4-(2,4-difluorophenyl)-10-methyl-7-((methylsulfonyl)methyl)-11-oxo-3,4,10,11-tetrahydro-1H-1,4,10triazadibenzo[cd,f]azulene-3-carboxamide",G,0.0507,0.0531,ND
155,FC1=C(C=CC(=C1)F)N1C=C2C=C(C3=C(C4=C2C1C(CN4)C(=O)NCC(=O)OC)C(N(C=C3)C)=O)CS(=O)(=O)C,"methyl 2-(4-(2,4-difluorophenyl)-10-methyl-7-((methylsulfonyl)methyl)-11-oxo-3,4,10,11tetrahydro-1H-1,4,10-triazadibenzo[cd,f]azulene-3-carboxamido)acetate",G,0.0427,0.0478,0.349
156,FC1=C(C=CC(=C1)F)N1C=C2C=C(C3=C(C4=C2C1C(CN4)C(=O)NCCC4=CC=CC=C4)C(N(C=C3)C)=O)CS(=O)(=O)C,"4-(2,4-difluorophenyl)-10-methyl-7-((methylsulfonyl)methyl)-11-oxo-N-phenethyl-3,4,10,11-tetrahydro-1H-1,4,10-triazadibenzo[cd,f]azulene-3-carboxamide",G,0.0468,0.0421,0.214
157,C(CCC)NC(=O)C1CNC2=C3C1N(C=C3C=C(C3=C2C(N(C=C3)C)=O)CS(=O)(=O)C)C3=C(C=C(C=C3)F)F,"N-butyl-4-(2,4-difluorophenyl)-10-methyl-7-((methylsulfonyl)methyl)-11-oxo-3,4,10,11-tetrahydro-1H-1,4,10-triazadibenzo[cd,f]azulene-3-carboxamide",G,0.0396,0.0239,0.0774
158,C1(CCCCC1)NC(=O)C1CNC2=C3C1N(C=C3C=C(C3=C2C(N(C=C3)C)=O)CS(=O)(=O)C)C3=C(C=C(C=C3)F)F,"N-cyclohexyl-4-(2,4-difluorophenyl)-10-methyl-7-((methylsulfonyl)methyl)-11-oxo-3,4,10,11-tetrahydro-1H-1,4,10-triazadibenzo[cd,f]azulene-3-carboxamide",G,0.0603,0.0773,ND
159,C(C1=CC=CC=C1)NC(=O)C1CNC2=C3C1N(C=C3C=C(C3=C2C(N(C=C3)C)=O)CS(=O)(=O)C)C3=C(C=C(C=C3)F)F,"N-benzyl-4-(2,4-difluorophenyl)-10-methyl-7-((methylsulfonyl)methyl)-11-oxo-3,4,10,11-tetrahydro-1H-1,4,10-triazadibenzo[cd,f]azulene-3-carboxamide",G,0.0386,0.0198,0.0578
160,FC1=C(C=CC(=C1)F)N1C=C2C=C(C3=C(C4=C2C1C(CN4)C(=O)NCCCC4=CC=CC=C4)C(N(C=C3)C)=O)CS(=O)(=O)C,"4-(2,4-difluorophenyl)-10-methyl-7-((methylsulfonyl)methyl)-11-oxo-N-(3-phenylpropyl)-3,4,10,11-tetrahydro-1H-1,4,10-triazadibenzo[cd,f]azulene-3-carboxamide",G,0.125,0.118,ND
161,FC1=C(C=CC(=C1)F)N1C=C2C=C(C3=C(C4=C2C1C(CN4)C(=O)NCC(C)C)C(N(C=C3)C)=O)CS(=O)(=O)C,"4-(2,4-difluorophenyl)-N-isobutyl-10-methyl-7-((methylsulfonyl)methyl)-11-oxo-3,4,10,11-tetrahydro1H-1,4,10-triazadibenzo[cd,f]azulene-3-carboxamide",G,0.0321,0.0214,0.0416
162,FC1=C(C=CC(=C1)F)N1C=C2C=C(C3=C(C4=C2C1C(CN4)C(=O)NCCO)C(N(C=C3)C)=O)CS(=O)(=O)C,"4-(2,4-difluorophenyl)-N-(2-hydroxyethyl)-10-methyl-7-((methylsulfonyl)methyl)-11-oxo-3,4,10,11-tetrahydro-1H-1,4,10-triazadibenzo[cd,f]azulene-3-carboxamide",G,0.0471,0.0604,ND
163,FC1=C(C=CC(=C1)F)N1C=C2C=C(C3=C(C4=C2C1C(CN4)C(=O)NCC=4N=COC4)C(N(C=C3)C)=O)CS(=O)(=O)C,"4-(2,4-difluorophenyl)-10-methyl-7-((methylsulfonyl)methyl)-N-(oxazol-4-ylmethyl)-11-oxo-3,4,10,11-tetrahydro-1H1,4,10-triazadibenzo[cd,f]azulene-3-carboxamide",G,0.0574,0.0454,ND
164,C1(CC1)CNC(=O)C1CNC2=C3C1N(C=C3C=C(C3=C2C(N(C=C3)C)=O)CS(=O)(=O)C)C3=C(C=C(C=C3)F)F,"N-(cyclopropylmethyl)-4-(2,4-difluorophenyl)-10-methyl-7-((methylsulfonyl)methyl)-11-oxo-3,4,10,11-tetrahydro-1H-1,4,10-triazadibenzo[cd,f]azulene-3-carboxamide",G,0.0417,0.03,0.0725
165,FC1=C(C=CC(=C1)F)N1C=C2C=C(C3=C(C4=C2C1C(CN4)C(=O)NCC(C)(C)O)C(N(C=C3)C)=O)CS(=O)(=O)C,"4-(2,4-difluorophenyl)-N-(2-hydroxy-2-methylpropyl)-10-methyl-7-((methylsulfonyl)methyl)-11-oxo-3,4,10,11-tetrahydro-1H-1,4,10-triazadibenzo[cd,f]azulene-3-carboxamide",G,0.0814,0.0796,ND
166,FC1=C(C=CC(=C1)F)N1C=C2C=C(C3=C(C4=C2C1C(CN4)C(=O)NC4(CC4)CO)C(N(C=C3)C)=O)CS(=O)(=O)C,"4-(2,4-difluorophenyl)-N-(1-(hydroxymethyl)cyclopropyl)-10-methyl-7-((methylsulfonyl)methyl)-11-oxo-3,4,10,11-tetrahydro-1H-1,4,10-triazadibenzo[cd,f]azulene-3-carboxamide",G,0.06,0.0733,ND
167,FC1=C(C=CC(=C1)F)N1C=C2C=C(C3=C(C4=C2C1C(CN4)C(=O)NC4(CC4)C)C(N(C=C3)C)=O)CS(=O)(=O)C,"4-(2,4-difluorophenyl)-10-methyl-N-(1-methylcyclopropyl)-7-((methylsulfonyl)methyl)-11-oxo-3,4,10,11-tetrahydro-1H-1,4,10-triazadibenzo[cd,f]azulene-3-carboxamide",G,0.0692,0.0763,ND
168,FC1=C(C=CC(=C1)F)N1C=C2C=C(C3=C(C4=C2C1C(CN4)C(=O)NCCCCC4=CC=CC=C4)C(N(C=C3)C)=O)CS(=O)(=O)C,"4-(2,4-difluorophenyl)-10-methyl-7-((methylsulfonyl)methyl)-11-oxo-N-(4-phenylbutyl)-3,4,10,11-tetrahydro-1H-1,4,10triazadibenzo[cd,f]azulene-3-carboxamide",G,0.0932,0.124,ND
169,CC(CC(=O)N1C(=C2C=C(C3=C(C4=C2C1CCN4)C(N(C=C3)C)=O)F)F)(C)C,"4-(3,3-dimethylbutanoyl)-5,7-difluoro-10-methyl-3,4-dihydro-1H-1,4,10-triazadibenzo[cd,f]azulen-11(10H)-one",G,0.0124,0.00467,0.0699
170,C(C)(C)(C)OC(N[C@@H]1CC[C@H](CC1)N1C=C2C=C(C3=C(C4=C2C1CCN4)C(N(C=C3)C)=O)S(=O)(=O)C)=O,"tert-butyl((trans)-4-(10-methyl-7-(methylsulfonyl)-11-oxo-10,11-dihydro-1H-1,4,10-triazadibenzo[cd,f]azulen4(3H)-yl)cyclohexyl)carbamate",G,0.00707,0.0252,0.0576
171,N[C@@H]1CC[C@H](CC1)N1C=C2C=C(C3=C(C4=C2C1CCN4)C(N(C=C3)C)=O)S(=O)(=O)C,"4-((trans)-4-aminocyclohexyl)-10-methyl-7-(methylsulfonyl)-3,4-dihydro-1H-1,4,10-triazadibenzo[cd,f]azulen11(10H)-one",G,0.0164,0.0292,ND
172,C1(CC1)S(=O)(=O)N1C=C2C=C(C3=C(C4=C2C1CCN4)C(N(C=C3)C)=O)CS(=O)(=O)C,"4-(cyclopropylsulfonyl)-10-methyl-7-((methylsulfonyl)methyl)-3,4-dihydro-1H-1,4,10-triazadibenzo[cd,f]azulen-11(10H)-one",G,0.0578,0.0128,0.551
173,FC=1N(C2C3=C(C4=C(C(=CC13)F)C=CN(C4=O)C)NCC2)C(=O)OCC,"ethyl 5,7-difluoro-10-methyl-11-oxo-10,11-dihydro-1H-1,4,10-triazadibenzo[cd,f]azulene-4(3H)-carboxylate",G,0.00672,0.00314,0.0199
174,FC1=C(C=CC(=C1)F)N1C=C2C=C(C3=C(C4=C2C1C(CN4)CCCNC)C(N(C=C3)C)=O)CS(=O)(=O)C,"4-(2,4-difluorophenyl)-10-methyl-3-(3-(methylamino)propyl)-7-((methylsulfonyl)methyl)-3,4-dihydro-1H-1,4,10-triazadibenzo[cd,f]azulen-11(10H)-one",G,0.0126,0.00153,0.239
175,FC1=C(C=CC(=C1)F)N1C=C2C=C(C3=C(C4=C2C1C(CN4)CCCN(C)C)C(N(C=C3)C)=O)CS(=O)(=O)C,"4-(2,4-difluorophenyl)-3-(3-(dimethylamino)propyl)-10-methyl-7-((methylsulfonyl)methyl)-3,4-dihydro-1H-1,4,10-triazadibenzo[cd,f]azulen-11(10H)-one",G,0.015,0.0019,0.0999
176,ClC1=CC=C(C=C1)N1C=C2C=C(C3=C(C4=C2C1CC(N4)CN4CCN(CC4)C)C(N(C=C3)C)=O)CS(=O)(=O)C,"4-(4-chlorophenyl)-10-methyl-2-((4-methylpiperazin-1-yl)methyl)-7-((methylsulfonyl)methyl)-3,4-dihydro-1H-1,4,10-triazadibenzo[cd,f]azulen-11(10H)-one",G,0.00101,0.00355,0.0142
177,FC1=CC=C(C=C1)N1C=C2C=C(C3=C(C4=C2C1CCN4)C(N(C=C3)C)=O)CC#N,"2-(4-(4-fluorophenyl)-10-methyl-11-oxo-3,4,10,11-tetrahydro-1H-1,4,10-triazadibenzo[cd,f]azulen-7-yl)acetonitrile",G,0.00202,0.00127,0.00372
178,CC(CN1C=C2C=C(C3=C(C4=C2C1CCN4)C(N(C=C3)C)=O)CS(=O)(=O)C)(CN3CCCC3)C,"4-(2,2-dimethyl-3-(pyrrolidin-1-yl)propyl)-10-methyl-7-((methylsulfonyl)methyl)-3,4-dihydro-1H-1,4,10-triazadibenzo[cd,f]azulen-11(10H)-one",G,0.00436,0.00438,0.123
179,CN1C=CC2=C(C3=C4C(N(C=C4C=C2CS(=O)(=O)C)C2CN(CC2)CC(=O)O)CCN3)C1=O,"2-(3-(10-methyl-7-((methylsulfonyl)methyl)-11-oxo-10,11-dihydro-1H-1,4,10-triazadibenzo[cd,f]azulen-4(3H)-yl)pyrrolidin-1-yl)acetic acid",G,0.0201,0.0807,ND
180,CN1C=CC2=C(C3=C4C(N(C=C4C=C2CS(=O)(=O)C)C2C(OCC2)C)CCN3)C1=O,"10-methyl-7-((methylsulfonyl)methyl)-4-(2-methyltetrahydrofuran-3-yl)-3,4-dihydro-1H-1,4,10-triazadibenzo[cd,f]azulen-11(10H)-one",G,0.00151,0.0027,ND
181,CN1C=CC2=C(C3=C4C(N(C=C4C=C2CS(=O)(=O)C)C2CCN(CC2)C)CCN3)C1=O,"10-methyl-4-(1-methylpiperidin-4-yl)-7-((methylsulfonyl)methyl)-3,4-dihydro-1H-1,4,10-triazadibenzo[cd,f]azulen11(10H)-one",G,0.00333,0.0171,ND
182,CN1C=CC2=C(C3=C4C(N(C=C4C=C2CS(=O)(=O)C)C2COCCC2)CCN3)C1=O,"10-methyl-7-((methylsulfonyl)methyl)-4-(tetrahydro-2H-pyran-3-yl)-3,4-dihydro-1H-1,4,10-triazadibenzo[cd,f]azulen-11(10H)-one",G,0.00131,0.002,0.00108
183,C(C)(C)N1CCC(CC1)CN1C=C2C=C(C3=C(C4=C2C1CCN4)C(N(C=C3)C)=O)CS(=O)(=O)C,"4-((1-isopropylpiperidin-4-yl)methyl)-10-methyl-7-((methylsulfonyl)methyl)-3,4-dihydro-1H-1,4,10-triazadibenzo[cd,f]azulen-11(10H)-one",G,0.00384,0.0155,ND
184,CN1C=CC2=C(C3=C4C(N(C=C4C=C2CS(=O)(=O)C)C(C)C2C(OCC2)=O)CCN3)C1=O,"10-methyl-7-((methylsulfonyl)methyl)-4-(1-(2-oxotetrahydrofuran-3-yl)ethyl)-3,4-dihydro-1H-1,4,10-triazadibenzo[cd,f]azulen-11(10H)-one",G,0.00434,0.00682,ND
185,COCC(C)N1C=C2C=C(C3=C(C4=C2C1CCN4)C(N(C=C3)C)=O)CS(=O)(=O)C,"4-(1-methoxypropan-2-yl)-10-methyl-7-((methylsulfonyl)methyl)-3,4-dihydro-1H-1,4,10-triazadibenzo[cd,f]azulen-11(10H)-one",G,0.00419,0.0102,0.0283
186,COCCC(C)N1C=C2C=C(C3=C(C4=C2C1CCN4)C(N(C=C3)C)=O)CS(=O)(=O)C,"4-(4-methoxybutan-2-yl)-10-methyl-7-((methylsulfonyl)methyl)-3,4-dihydro-1H-1,4,10-triazadibenzo[cd,f]azulen11(10H)-one",G,0.00421,0.0092,ND
187,CN1C=CC2=C(C3=C4C(N(C=C4C=C2CS(=O)(=O)C)C2CN(CC2)C)CCN3)C1=O,"10-methyl-4-(1-methylpyrrolidin-3-yl)-7-((methylsulfonyl)methyl)-3,4-dihydro-1H-1,4,10-triazadibenzo[cd,f]azulen-11(10H)-one",G,0.00574,0.05,ND
188,CN1C=CC2=C(C3=C4C(N(C=C4C=C2CS(=O)(=O)C)C(C)C2CCOCC2)CCN3)C1=O,"10-methyl-7-((methylsulfonyl)methyl)-4-(1-(tetrahydro-2H-pyran-4-yl)ethyl)-3,4-dihydro-1H-1,4,10-triazadibenzo[cd,f]azulen-11(10H)-one",G,0.00364,0.00462,ND
189,CN1C=CC2=C(C3=C4C(N(C=C4C=C2CS(=O)(=O)C)C2CCN(CCC2)C)CCN3)C1=O,"10-methyl-4-(1-methylazepan-4-yl)-7-((methylsulfonyl)methyl)-3,4-dihydro-1H-1,4,10-triazadibenzo[cd,f]azulen-11(10H)-one",G,0.00582,0.0223,ND
190,C(C)N1CC(CCC1)N1C=C2C=C(C3=C(C4=C2C1CCN4)C(N(C=C3)C)=O)CS(=O)(=O)C,"4-(1-ethylpiperidin-3-yl)-10-methyl-7-((methylsulfonyl)methyl)-3,4-dihydro-1H-1,4,10-triazadibenzo[cd,f]azulen-11(10H)-one",G,0.0267,0.0309,ND
191,CN1C=CC2=C(C3=C4C(N(C=C4C=C2CS(=O)(=O)C)CCC2CCOCC2)CCN3)C1=O,"10-methyl-7-((methylsulfonyl)methyl)-4-(2-(tetrahydro-2H-pyran-4-yl)ethyl)-3,4-dihydro-1H-1,4,10-triazadibenzo[cd,f]azulen-11(10H)-one",G,0.001,0.00338,0.0107
192,CN1C=CC2=C(C3=C4C(N(C=C4C=C2CS(=O)(=O)C)C2=CC=C(C#N)C=C2)CCN3)C1=O,"4-(10-methyl-7-((methylsulfonyl)methyl)-11-oxo-10,11-dihydro-1H-1,4,10-triazadibenzo[cd,f]azulen-4(3H)-yl)benzonitrile",G,0.00165,0.00108,0.00125
193,ClC1=CC=C(C=C1)N1C=C2C=C(C3=C(C4=C2C1CC(N4)CN4CCOCC4)C(N(C=C3)C)=O)CS(=O)(=O)C,"4-(4-chlorophenyl)-10-methyl-7-((methylsulfonyl)methyl)-2-(morpholinomethyl)-3,4-dihydro-1H-1,4,10-triazadibenzo[cd,f]azulen-11(10H)-one",G,0.00185,0.0124,0.0317
194,C(C)NC(=O)C1NC2=C3C(N(C=C3C=C(C3=C2C(N(C=C3)C)=O)CS(=O)(=O)C)C3=CC=C(C=C3)F)C1,"N-ethyl-4-(4-fluorophenyl)-10-methyl-7-((methylsulfonyl)methyl)-11-oxo-3,4,10,11-tetrahydro-1H-1,4,10-triazadibenzo[cd,f]azulene-2-carboxamide",G,0.00133,0.00038,0.00147
195,C1(CC1)C=1N(C2C3=C(C4=C(C(=CC13)CS(=O)(=O)C)C=CN(C4=O)C)NCC2)C2=C(C=C(C=C2)F)F,"5-cyclopropyl-4-(2,4-difluorophenyl)-10-methyl-7-((methylsulfonyl)methyl)-3,4-dihydro-1H-1,4,10-triazadibenzo[cd,f]azulen-11(10H)-one",G,0.00266,0.00062,0.00377
196,C(C)(C)(C)OC(NC1CCC(CC1)N1C=C2C=C(C3=C(C4=C2C1CCN4)C(N(C=C3)C)=O)CS(=O)(=O)C)=O,"tert-butyl(4-(10-methyl-7-((methylsulfonyl)methyl)-11-oxo-10,11-dihydro-1H-1,4,10-triazadibenzo[cd,f]azulen-4(3H)-yl)cyclohexyl)carbamate",G,0.00114,0.00172,0.00382
197,C(C)(C)(C)OC(N[C@@H]1CC[C@H](CC1)N1C=C2C=C(C3=C(C4=C2C1CCN4)C(N(C=C3)C)=O)CS(=O)(=O)C)=O,"tert-butyl((trans)-4-(10-methyl-7-((methylsulfonyl)methyl)-11-oxo-10,11-dihydro-1H-1,4,10-triazadibenzo[cd,f]azulen-4(3H)-yl)cyclohexyl)carbamate",G,0.00152,0.00265,0.00266
198,ClC1=CC=C(C=C1)N1C=C2C=C(C3=C(C4=C2C1CCN4)C(N(C=C3)C)=O)CS(=O)(=O)C,"4-(4-chlorophenyl)-10-methyl-7-((methylsulfonyl)methyl)-3,4-dihydro-1H-1,4,10-triazadibenzo[cd,f]azulen11(10H)-one",G,0.00159,0.00063,0.00069
199,ClC1=CC=C(C=C1)N1C=C2C=C(C3=C(C4=C2C1CC(N4)C#N)C(N(C=C3)C)=O)CS(=O)(=O)C,"4-(4-chlorophenyl)-10-methyl-7-((methylsulfonyl)methyl)-11-oxo-3,4,10,11-tetrahydro-1H-1,4,10-triazadibenzo[cd,f]azulene-2-carbonitrile",G,0.00081,0.00121,0.0108
200,FC1=C(C=CC(=C1)F)N1C=C2C=C(C3=C(C4=C2C1C(CN4)CO)C(N(C=C3)C)=O)CS(=O)(=O)C,"4-(2,4-difluorophenyl)-3-(hydroxymethyl)-10-methyl-7-((methylsulfonyl)methyl)-3,4-dihydro-1H-1,4,10-triazadibenzo[cd,f]azulen-11(10H)-one",G,0.00818,0.00205,0.0342
201,ClC1=CC=C(C=C1)N1C=C2C=CC3=C(C4=C2C1CC(N4)C#N)C(N(C=C3)C)=O,"4-(4-chlorophenyl)-10-methyl-11-oxo-3,4,10,11-tetrahydro-1H-1,4,10-triazadibenzo[cd,f]azulene-2-carbonitrile",G,0.00085,0.0032,0.0278
202,FC1=C(C=CC(=C1)F)N1C=C2C=C(C3=C(C4=C2C1CC(N4)C(=O)NCC)C(N(C=C3)C)=O)CS(=O)(=O)C,"4-(2,4-difluorophenyl)-N-ethyl-10-methyl-7-((methylsulfonyl)methyl)-11-oxo-3,4,10,11-tetrahydro-1H-1,4,10-triazadibenzo[cd,f]azulene-2-carboxamide",G,0.00079,0.00035,0.0043
203,C(#N)C1=CC=C(C=C1)N1C=C2C=C(C3=C(C4=C2C1CC(N4)C(=O)NCC)C(N(C=C3)C)=O)CS(=O)(=O)C,"4-(4-cyanophenyl)-N-ethyl-10-methyl-7-((methylsulfonyl)methyl)-11-oxo-3,4,10,11-tetrahydro-1H-1,4,10-triazadibenzo[cd,f]azulene-2-carboxamide",G,0.00099,0.00071,0.00543
204,FC1=C(C=CC(=C1)F)N1C=C2C=C(C3=C(C4=C2C1[C@@H](CN4)CN4C(C1=CC=CC=C1C4=O)=O)C(N(C=C3)C)=O)CS(=O)(=O)C,"(S)-2-((4-(2,4-difluorophenyl)-10-methyl-7-((methylsulfonyl)methyl)-11-oxo-3,4,10,11-tetrahydro-1H-1,4,10-triazadibenzo[cd,f]azulen-3-yl)methyl)isoindoline-1,3-dione",G,0.0461,0.00122,> 1
205,FC1=C(C=CC(=C1)F)N1C=C2C=C(C3=C(C4=C2C1[C@H](CN4)CN4C(C1=CC=CC=C1C4=O)=O)C(N(C=C3)C)=O)CS(=O)(=O)C,"(R)-2-((4-(2,4-difluorophenyl)-10-methyl-7-((methylsulfonyl)methyl)-11-oxo-3,4,10,11-tetrahydro-1H-1,4,10-triazadibenzo[cd,f]azulen-3-yl)methyl)isoindoline-1,3-dione",G,0.2,0.0291,> 1
206,FC1=C(C=CC(=C1)F)N1C(=C2C=C(C3=C(C4=C2C1CCN4)C(N(C=C3)C)=O)CS(=O)(=O)C)C#N,"4-(2,4-difluorophenyl)-10-methyl-7-((methylsulfonyl)methyl)-11-oxo-3,4,10,11-tetrahydro-1H-1,4,10-triazadibenzo[cd,f]azulene-5-carbonitrile",G,0.00096,0.00051,0.00141
207,CN1C=CC2=C(C3=C4C(N(C=C4C=C2CS(=O)(=O)C)C2=NC=CC=C2)CCN3)C1=O,"10-methyl-7-((methylsulfonyl)methyl)-4-(pyridin-2-yl)-3,4-dihydro-1H-1,4,10-triazadibenzo[cd,f]azulen-11(10H)-one",G,0.00092,0.00209,0.00133
208,FC1=C(C=CC(=C1)F)N1C=C2C=C(C3=C(C4=C2C1CC(N4)C(=O)OCC)C(N(C=C3)C)=O)CS(=O)(=O)C,"ethyl 4-(2,4-difluorophenyl)-10-methyl-7-((methylsulfonyl)methyl)-11-oxo-3,4,10,11-tetrahydro-1H-1,4,10-triazadibenzo[cd,f]azulene-2-carboxylate",G,0.00341,0.00115,0.0107
209,FC1=C(C=CC(=C1)F)N1C=C2C=C(C3=C(C4=C2C1CC(N4)C(=O)N)C(N(C=C3)C)=O)CS(=O)(=O)C,"4-(2,4-difluorophenyl)-10-methyl-7-((methylsulfonyl)methyl)-11-oxo-3,4,10,11-tetrahydro-1H-1,4,10-triazadibenzo[cd,f]azulene-2-carboxamide",G,0.0012,0.00086,0.00654
210,FC1=C(C=CC(=C1)F)N1C=C2C=C(C3=C(C4=C2C1CC(N4)C#N)C(N(C=C3)C)=O)CS(=O)(=O)C,"4-(2,4-difluorophenyl)-10-methyl-7-((methylsulfonyl)methyl)-11-oxo-3,4,10,11-tetrahydro-1H-1,4,10-triazadibenzo[cd,f]azulene-2-carbonitrile",G,0.00172,0.0008,0.0133
211,CN1C=CC2=C(C3=C4C(N(C=C4C=C2CS(=O)(=O)C)C2=CC(=C(C(=C2)OC)OC)OC)CCN3)C1=O,"10-methyl-7-((methylsulfonyl)methyl)-4-(3,4,5-trimethoxyphenyl)-3,4-dihydro-1H-1,4,10-triazadibenzo[cd,f]azulen-11(10H)-one",G,0.00567,0.00747,0.118
212,NC1CCC(CC1)N1C=C2C=C(C3=C(C4=C2C1CCN4)C(N(C=C3)C)=O)CS(=O)(=O)C,"4-(4-aminocyclohexyl)-10-methyl-7-((methylsulfonyl)methyl)-3,4-dihydro-1H-1,4,10-triazadibenzo[cd,f]azulen-11(10H)-one",G,0.00239,0.005,0.155
213,FC=1C(=NC=C(C1)F)N1C=C2C=C(C3=C(C4=C2C1CCN4)C(N(C=C3)C)=O)CS(=O)(=O)C,"4-(3,5-difluoropyridin-2-yl)-10-methyl-7-((methylsulfonyl)methyl)-3,4-dihydro-1H-1,4,10-triazadibenzo[cd,f]azulen11(10H)-one",G,0.00065,0.00042,0.0014
214,FC1=C(C=CC(=C1)F)N1C=C2C=C(C3=C(C4=C2C1C(CN4)C4=CC=CC=C4)C(N(C=C3)C)=O)CS(=O)(=O)C,"4-(2,4-difluorophenyl)-10-methyl-7-((methylsulfonyl)methyl)-3-phenyl-3,4-dihydro-1H-1,4,10-triazadibenzo[cd,f]azulen-11(10H)-one",G,0.0408,0.00325,0.431
215,FC1=C(C=CC(=C1)F)N1C=C2C=C(C3=C(C4=C2C1[C@@H](CN4)C4=CC=CC=C4)C(N(C=C3)C)=O)CS(=O)(=O)C,"(R)-4-(2,4-difluorophenyl)-10-methyl-7-((methylsulfonyl)methyl)-3-phenyl-3,4-dihydro-1H-1,4,10-triazadibenzo[cd,f]azulen-11(10H)-one",G,0.0657,0.00587,0.454
216,FC1=C(C=CC(=C1)F)N1C=C2C=C(C3=C(C4=C2C1[C@H](CN4)C4=CC=CC=C4)C(N(C=C3)C)=O)CS(=O)(=O)C,"(S)-4-(2,4-difluorophenyl)-10-methyl-7-((methylsulfonyl)methyl)-3-phenyl-3,4-dihydro-1H-1,4,10-triazadibenzo[cd,f]azulen-11(10H)-one",G,0.0573,0.0658,0.603
217,FC1=C(C=CC(=C1)F)N1C=C2C=C(C3=C(C4=C2C1C(CN4)C4=CC=CC1=CC=CC=C41)C(N(C=C3)C)=O)CS(=O)(=O)C,"4-(2,4-difluorophenyl)-10-methyl-7-((methylsulfonyl)methyl)-3-(naphthalen-1-yl)-3,4-dihydro-1H-1,4,10-triazadibenzo[cd,f]azulen-11(10H)-one",G,0.193,0.0426,> 1
218,,"4-(2,4-difluorophenyl)-(3,3 2H)-10-methyl-7-((methylsulfonyl)methyl)-3,4-dihydro-1H-1,4,10-triazadibenzo[cd,f]azulen11(10H)-one",G,0.00064,0.00064,0.00136
219,FC1=C(C=CC(=C1)F)N1C=C2C=C(C3=C(C4=C2C1C(CN4)CC(C)(C)C)C(N(C=C3)C)=O)CS(=O)(=O)C,"4-(2,4-difluorophenyl)-10-methyl-7-((methylsulfonyl)methyl)-3-neopentyl-3,4-dihydro-1H-1,4,10-triazadibenzo[cd,f]azulen-11(10H)-one",G,0.0399,0.00476,0.301
220,,"4-(2,4-difluorophenyl)-10-methyl-7-((methylsulfonyl)methyl)-3-((l-oxoisoindolin-2-yl)methyl)-3,4-dihydro-1H-1,4,10-triazadibenzo[cd,f]azulen-11(10H)-one",G,0.0516,0.00261,0.285
221,FC1=C(C=CC(=C1)F)N1C=C2C=C(C3=C(C4=C2C1C(CN4)C4=C(C=CC=C4OC)OC)C(N(C=C3)C)=O)CS(=O)(=O)C,"4-(2,4-difluorophenyl)-3-(2,6-dimethoxyphenyl)-10-methyl-7-((methylsulfonyl)methyl)-3,4-dihydro-1H-1,4,10-triazadibenzo[cd,f]azulen-11(10H)-one",G,0.0316,0.0123,0.033
222,FC1=C(C=CC(=C1)F)N1C=C2C=C(C3=C(C4=C2C1C(CN4)C4=CC(=CC(=C4)OC)OC)C(N(C=C3)C)=O)CS(=O)(=O)C,"4-(2,4-difluorophenyl)-3-(3,5-dimethoxyphenyl)-10-methyl-7-((methylsulfonyl)methyl)-3,4-dihydro-1H-1,4,10-triazadibenzo[cd,f]azulen-11(10H)-one",G,0.17,0.0294,0.16
223,C(C)(C)(C)C=1C=C(C=C(C1)C(C)(C)C)C1CNC2=C3C1N(C=C3C=C(C3=C2C(N(C=C3)C)=O)CS(=O)(=O)C)C3=C(C=C(C=C3)F)F,"3-(3,5-di-tert-butylphenyl)-4-(2,4-difluorophenyl)-10-methyl-7-((methylsulfonyl)methyl)-3,4-dihydro-1H-1,4,10-triazadibenzo[cd,f]azulen-11(10H)-one",G,> 0.238,> 0.408,ND
224,COC(NC1CCC(CC1)N1C=C2C=C(C3=C(C4=C2C1CCN4)C(N(C=C3)C)=O)CS(=O)(=O)C)=O,"methyl(4-(10-methyl-7-((methylsulfonyl)methyl)-11-oxo-10,11-dihydro-1H-1,4,10-triazadibenzo[cd,f]azulen4(3H)-yl)cyclohexyl)carbamate",G,0.00164,0.0014,0.00584
225,COC(N[C@@H]1CC[C@H](CC1)N1C=C2C=C(C3=C(C4=C2C1CCN4)C(N(C=C3)C)=O)CS(=O)(=O)C)=O,"methyl((trans)-4-(10-methyl-7-((methylsulfonyl)methyl)-11-oxo-10,11-dihydro-1H-1,4,10-triazadibenzo[cd,f]azulen4(3H)-yl)cyclohexyl)carbamate",G,0.00325,0.00239,0.0122
226,COC(N[C@@H]1CC[C@@H](CC1)N1C=C2C=C(C3=C(C4=C2C1CCN4)C(N(C=C3)C)=O)CS(=O)(=O)C)=O,"methyl((cis)-4-(10-methyl-7-((methylsulfonyl)methyl)-11-oxo-10,11-dihydro-1H-1,4,10-triazadibenzo[cd,f]azulen-4(3H)-yl)cyclohexyl)carbamate",G,0.00384,0.00186,0.00782
227,FC1=C(C=CC(=C1)F)N1C=C2C=C(C3=C(C4=C2C1C(CN4)CCN4C(C1=CC=CC=C1C4=O)=O)C(N(C=C3)C)=O)CS(=O)(=O)C,"2-(2-(4-(2,4-difluorophenyl)-10-methyl-7-((methylsulfonyl)methyl)-11-oxo-3,4,10,11-tetrahydro-1H-1,4,10-triazadibenzo[cd,f]azulen-3-yl)ethyl)isoindoline-1,3-dione",G,0.00794,0.00118,0.134
228,FC1=C(C=CC(=C1)F)N1C=C2C=C(C3=C(C4=C2C1C(CN4)C4CCOCC4)C(N(C=C3)C)=O)CS(=O)(=O)C,"4-(2,4-difluorophenyl)-10-methyl-7-((methylsulfonyl)methyl)-3-(tetrahydro-2H-pyran-4-yl)-3,4-dihydro-1H-1,4,10-triazadibenzo[cd,f]azulen-11(10H)-one",G,0.0245,0.00222,0.0849
229,C(C1=CC=CC=C1)OC(NCCC1CNC2=C3C1N(C=C3C=C(C3=C2C(N(C=C3)C)=O)CS(=O)(=O)C)C3=C(C=C(C=C3)F)F)=O,"benzyl(2-(4-(2,4-difluorophenyl)-10-methyl-7-((methylsulfonyl)methyl)-11-oxo-3,4,10,11-tetrahydro-1H-1,4,10-triazadibenzo[cd,f]azulen-3-yl)ethyl)carbamate",G,0.00411,0.00196,0.0412
230,C1(=C(C=CC=C1)C1CNC2=C3C1N(C=C3C=C(C3=C2C(N(C=C3)C)=O)CS(=O)(=O)C)C3=C(C=C(C=C3)F)F)C3=CC=CC=C3,"3-([1,1’-biphenyl]-2-yl)-4-(2,4-difluorophenyl)-10-methyl-7-((methylsulfonyl)methyl)-3,4-dihydro-1H-1,4,10-triazadibenzo[cd,f]azulen-11(10H)-one",G,> 0.238,0.0581,0.528
231,FC1=C(C=CC(=C1)F)N1C=C2C=C(C3=C(C4=C2C1C(CN4)C=4C=CC=C1C=CC=NC41)C(N(C=C3)C)=O)CS(=O)(=O)C,"4-(2,4-difluorophenyl)-10-methyl-7-((methylsulfonyl)methyl)-3-(quinolin-8-yl)-3,4-dihydro-1H-1,4,10-triazadibenzo[cd,f]azulen-11(10H)-one",G,0.039,0.00542,0.149
232,FC1=C(C=CC(=C1)F)N1C=C2C=C(C3=C(C4=C2C1C(CN4)C4=NC=CC=C4)C(N(C=C3)C)=O)CS(=O)(=O)C,"4-(2,4-difluorophenyl)-10-methyl-7-((methylsulfonyl)methyl)-3-(pyridin-2-yl)-3,4-dihydro-1H-1,4,10-triazadibenzo[cd,f]azulen-11(10H)-one",G,0.108,0.00848,0.363
233,CN1C=CC2=C(C3=C4C(N(C=C4C=C2CS(=O)(=O)C)C=2C=C4C=NN(C4=CC2)COCC[Si](C)(C)C)CCN3)C1=O,"10-methyl-7-((methylsulfonyl)methyl)-4-(1-((2-(trimethylsilyl)ethoxy)methyl)-1H-indazol-5-yl)-3,4-dihydro-1H-1,4,10-triazadibenzo[cd,f]azulen-11(10H)-one",G,0.00615,0.00377,ND
234,N1(C=NC=C1)C1=CC=C(C=C1)C1CNC2=C3C1N(C=C3C=C(C3=C2C(N(C=C3)C)=O)CS(=O)(=O)C)C3=C(C=C(C=C3)F)F,"3-(4-(1H-imidazol-1-yl)phenyl)-4-(2,4-difluorophenyl)-10-methyl-7-((methylsulfonyl)methyl)-3,4-dihydro-1H-1,4,10-triazadibenzo[cd,f]azulen-11(10H)-one",G,0.0103,0.0094,> 1
235,FC1=C(C=CC(=C1)F)N1C=C2C=C(C3=C(C4=C2C1C(CN4)C4=CC=C(C#N)C=C4)C(N(C=C3)C)=O)CS(=O)(=O)C,"4-(4-(2,4-difluorophenyl)-10-methyl-7-((methylsulfonyl)methyl)-11-oxo-3,4,10,11-tetrahydro-1H-1,4,10-triazadibenzo[cd,f]azulen-3-yl)benzonitrile",G,0.0161,0.00651,0.162
236,FC1=C(C=CC(=C1)F)N1C=C2C=C(C3=C(C4=C2C1C(CN4)C4=CC(=CC=C4)C4=NC=CC=C4)C(N(C=C3)C)=O)CS(=O)(=O)C,"4-(2,4-difluorophenyl)-10-methyl-7-((methylsulfonyl)methyl)-3-(3-(pyridin-2-yl)phenyl)-3,4-dihydro-1H-1,4,10-triazadibenzo[cd,f]azulen-11(10H)-one",G,0.0859,0.03,> 1
237,FC1=C(C=CC(=C1)F)N1C=C2C=C(C3=C(C4=C2C1C(CN4)C=4C=C(C#N)C=CC4)C(N(C=C3)C)=O)CS(=O)(=O)C,"3-(4-(2,4-difluorophenyl)-10-methyl-7-((methylsulfonyl)methyl)-11-oxo-3,4,10,11-tetrahydro-1H-1,4,10-triazadibenzo[cd,f]azulen-3-yl)benzonitrile",G,0.0218,0.0121,0.313
238,FC1=C(C=CC(=C1)F)N1C=C2C=C(C3=C(C4=C2C1C(CN4)CN4C(C=CC=C4)=O)C(N(C=C3)C)=O)CS(=O)(=O)C,"4-(2,4-difluorophenyl)-10-methyl-7-((methylsulfonyl)methyl)-3-((2-oxopyridin-1(2H)-yl)methyl)-3,4-dihydro-1H-1,4,10triazadibenzo[cd,f]azulen-11(10H)-one",G,0.0621,0.0046,0.275
239,FC1=C(C=CC(=C1)F)N1C=C2C=C(C3=C(C4=C2C1C(C(N4)C(NCC)=O)C(=O)OCC)C(N(C=C3)C)=O)CS(=O)(=O)C,"ethyl 4-(2,4-difluorophenyl)-2-(ethylcarbamoyl)-10-methyl-7-((methylsulfonyl)methyl)-11-oxo-3,4,10,11-tetrahydro-1H1,4,10-triazadibenzo[cd,f]azulene-3-carboxylate",G,0.0319,0.00212,0.294
240,FC1=C(C=CC(=C1)F)N1C(=C2C=C(C3=C(C4=C2C1CCN4)C(N(C=C3)C)=O)CS(=O)(=O)C)C(=O)N,"4-(2,4-difluorophenyl)-10-methyl-7-((methylsulfonyl)methyl)-11-oxo-3,4,10,11-tetrahydro-1H-1,4,10-triazadibenzo[cd,f]azulene-5-carboxamide",G,0.00314,0.00193,0.0859
241,FC1=C(C=CC(=C1)F)N1C(=C2C=C(C3=C(C4=C2C1CCN4)C(N(C=C3)C)=O)CS(=O)(=O)C)C(=O)NC,"4-(2,4-difluorophenyl)-N,10-dimethyl-7-((methylsulfonyl)methyl)-11-oxo-3,4,10,11-tetrahydro-1H-1,4,10-triazadibenzo[cd,f]azulene-5-carboxamide",G,0.00307,0.00176,0.0515
242,FC1=C(C=CC(=C1)F)N1C(=C2C=C(C3=C(C4=C2C1CCN4)C(N(C=C3)C)=O)CS(=O)(=O)C)C(=O)N(C)C,"4-(2,4-difluorophenyl)-N,N,10-trimethyl-7-((methylsulfonyl)methyl)-11-oxo-3,4,10,11-tetrahydro-1H-1,4,10-triazadibenzo[cd,f]azulene-5-carboxamide",G,0.0126,0.00378,> 1
243,CN1C=CC2=C(C3=C4C(N(C=C4C=C2CS(=O)(=O)C)C2CCC(CC2)NC(C)=O)CCN3)C1=O,"N-(4-(10-methyl-7-((methylsulfonyl)methyl)-11-oxo-10,11-dihydro-1H-1,4,10-triazadibenzo[cd,f]azulen-4(3H)-yl)cyclohexyl)acetamide",G,0.00185,0.00347,0.153
244,CN1C=CC2=C(C3=C4C(N(C=C4C=C2CS(=O)(=O)C)C=2C=NC=CC2)CCN3)C1=O,"10-methyl-7-((methylsulfonyl)methyl)-4-(pyridin-3-yl)-3,4-dihydro-1H-1,4,10-triazadibenzo[cd,f]azulen-11(10H)-one",G,0.00043,0.00102,0.00213
245,ClC=1C=CC(=NC1)N1C=C2C=C(C3=C(C4=C2C1CCN4)C(N(C=C3)C)=O)CS(=O)(=O)C,"4-(5-chloropyridin-2-yl)-10-methyl-7-((methylsulfonyl)methyl)-3,4-dihydro-1H-1,4,10-triazadibenzo[cd,f]azulen11(10H)-one",G,0.00054,0.00094,0.00109
246,,"4-(1H-indazo1-5-yl)-10-methyl-7-((methylsulfonyl)methyl)-3,4-dihydro-1H-1,4,10-triazadibenzo[cd,f]azulen-11(10H)-one",G,0.00432,0.0036,0.0117
247,C(C1=CC=CC=C1)N1C=C2C=C(C3=C(C4=C2C1CCN4)C(N(C=C3)C)=O)CS(=O)(=O)C,"4-benzyl-10-methyl-7-((methylsulfonyl)methyl)-3,4-dihydro-1H-1,4,10-triazadibenzo[cd,f]azulen-11(10H)-one",G,0.00222,0.00242,0.00494
248,CN1C=CC2=C(C3=C4C(N(C=C4C=C2CS(=O)(=O)C)C=2C=NC=NC2)CCN3)C1=O,"10-methyl-7-((methylsulfonyl)methyl)-4-(pyrimidin-5-yl)-3,4-dihydro-1H-1,4,10-triazadibenzo[cd,f]azulen-11(10H)-one",G,0.00339,0.00329,0.0256
249,CN1C=CC2=C(C3=C4C(N(C=C4C=C2CS(=O)(=O)C)CC2=NC=CC=C2)CCN3)C1=O,"10-methyl-7-((methylsulfonyl)methyl)-4-(pyridin-2-ylmethyl)-3,4-dihydro-1H-1,4,10-triazadibenzo[cd,f]azulen-11(10H)-one",G,0.0061,0.0191,0.0177
250,CN1C=CC2=C(C3=C4C(N(C=C4C=C2CS(=O)(=O)C)CC=2N=NC=CC2)CCN3)C1=O,"10-methyl-7-((methylsulfonyl)methyl)-4-(pyridazin-3-ylmethyl)-3,4-dihydro-1H-1,4,10-triazadibenzo[cd,f]azulen11(10H)-one",G,0.0088,0.0225,0.845
251,,"(S)-4-(2,4-difluorophenyl)-10-methyl-7-((methylsulfonyl)methyl)-3-((2-oxopyridin-1(2H)-yl)methyl)-3,4-dihydro-1H1,4,10-triazadibenzo[azulen-11(10H)-one",G,> 0.238,0.142,ND
252,FC1=C(C=CC(=C1)F)N1C=C2C=C(C3=C(C4=C2C1[C@H](CN4)CN4C(C=CC=C4)=O)C(N(C=C3)C)=O)CS(=O)(=O)C,"(R)-4-(2,4-difluorophenyl)-10-methyl-7-((methylsulfonyl)methyl)-3-((2-oxopyridin-1(2H)-yl)methyl)-3,4-dihydro-1H1,4,10-triazadibenzo[cd,f]azulen-11(10H)-one",G,0.0161,0.00224,0.108
253,CN1C=CC2=C(C3=C4C(N(C=C4C=C2CS(=O)(=O)C)C2=NC=C(C=C2)C(F)(F)F)CCN3)C1=O,"10-methyl-7-((methylsulfonyl)methyl)-4-(5-(trifluoromethyl)pyridin-2-yl)-3,4-dihydro-1H-1,4,10-triazadibenzo[cd,f]azulen-11(10H)-one",G,0.0007,0.00118,0.0013
254,FC1=NC=CC(=C1)N1C=C2C=C(C3=C(C4=C2C1CCN4)C(N(C=C3)C)=O)CS(=O)(=O)C,"4-(2-fluoropyridin-4-yl)-10-methyl-7-((methylsulfonyl)methyl)-3,4-dihydro-1H-1,4,10-triazadibenzo[cd,f]azulen11(10H)-one",G,0.00112,0.00071,0.0039
255,CN1C=CC2=C(C3=C4C(N(C=C4C=C2CS(=O)(=O)C)CC2=NN(C=C2)C)CCN3)C1=O,"10-methyl-4-((1-methyl-1H-pyrazol-3-yl)methyl)-7-((methylsulfonyl)methyl)-3,4-dihydro-1H-1,4,10-triazadibenzo[cd,f]azulen-11(10H)-one",G,0.00453,0.00733,0.0343
256,COC1=CC=CC(=N1)N1C=C2C=C(C3=C(C4=C2C1CCN4)C(N(C=C3)C)=O)CS(=O)(=O)C,"4-(6-methoxypyridin-2-yl)-10-methyl-7-((methylsulfonyl)methyl)-3,4-dihydro-1H-1,4,10-triazadibenzo[cd,f]azulen-11(10H)-one",G,0.00059,0.00054,0.00035
257,CC(CN1C=C2C=C(C3=C(C4=C2C1CCN4)C(N(C=C3)C)=O)CS(=O)(=O)C)(CN3CCOCC3)C,"4-(2,2-dimethyl-3-morpholinopropyl)-10-methyl-7-((methylsulfonyl)methyl)-3,4-dihydro-1H-1,4,10-triazadibenzo[cd,f]azulen-11(10H)-one",G,0.00234,0.00919,0.0211
258,FC=1C=NC(=NC1)N1C=C2C=C(C3=C(C4=C2C1CCN4)C(N(C=C3)C)=O)CS(=O)(=O)C,"4-(5-fluoropyrimidin-2-yl)-10-methyl-7-((methylsulfonyl)methyl)-3,4-dihydro-1H-1,4,10-triazadibenzo[cd,f]azulen-11(10H)-one",G,0.00092,0.00239,0.00443
259,CN1C=CC2=C(C3=C4C(N(C=C4C=C2CS(=O)(=O)C)C2=NC=NC=C2)CCN3)C1=O,"10-methyl-7-((methylsulfonyl)methyl)-4-(pyrimidin-4-yl)-3,4-dihydro-1H-1,4,10-triazadibenzo[cd,f]azulen-11(10H)-one",G,0.0034,0.00305,0.019
260,CN(CCCOC1=C(CN2C=C3C=C(C4=C(C5=C3C2CCN5)C(N(C=C4)C)=O)CS(=O)(=O)C)C=CC=C1)C,"4-(2-(3-(dimethylamino)propoxy)benzyl)-10-methyl-7-((methylsulfonyl)methyl)-3,4-dihydro-1H-1,4,10-triazadibenzo[cd,f]azulen-11(10H)-one",G,0.00726,0.0034,0.219
261,CN1C=CC2=C(C3=C4C(N(C=C4C=C2CS(=O)(=O)C)C(C#N)C2=CC=CC=C2)CCN3)C1=O,"2-(10-methyl-7-((methylsulfonyl)methyl)-11-oxo-10,11-dihydro-1H-1,4,10-triazadibenzo[cd,f]azulen-4(3H)-yl)-2-phenylacetonitrile",G,0.00932,0.00778,> 1.0
262,CN1C=CC2=C(C3=C4C(N(C=C4C=C2CS(=O)(=O)C)CC2=C(OCC(=O)N)C=CC=C2)CCN3)C1=O,"2-(2-((10-methyl-7-((methylsulfonyl)methyl)-11-oxo-10,11-dihydro-1H-1,4,10-triazadibenzo[cd,f]azulen-4(3H)-yl)methyl)phenoxy)acetamide",G,0.00937,0.0132,ND
263,FC1=C(C=CC(=C1)F)N1C=C2C=C(C3=C(C4=C2C1CC(N4)C(=O)O)C(N(C=C3)C)=O)CS(=O)(=O)C,"4-(2,4-difluorophenyl)-10-methyl-7-((methylsulfonyl)methyl)-11-oxo-3,4,10,11-tetrahydro-1H-1,4,10-triazadibenzo[cd,f]azulene-2-carboxylic acid",G,0.00704,0.00807,>1.0
264,CN1C=CC2=C(C3=C4C(N(C=C4C=C2CS(=O)(=O)C)CC2=C(C=CC=C2)OCC2=NC=CC=C2)CCN3)C1=O,"10-methyl-7-((methylsulfonyl)methyl)-4-(2-(pyridin-2-ylmethoxy)benzyl)-3,4-dihydro-1H-1,4,10-triazadibenzo[cd,f]azulen-11(10H)-one",G,0.00697,0.00153,0.899
265,C(C)S(=O)(=O)C=1C2=C(C3=C4[C@H](N(C=C4C1)C(C)C1=CC=CC=C1)CCN3)C(N(C=C2)C)=O,"(R)-7-(ethylsulfonyl)-10-methyl-4-(1-phenylethyl)-3,4-dihydro-1H-1,4,10-triazadibenzo[cd,f]azulen-11(10H)-one",G,0.0256,0.00421,0.17
266,CN1C=CC2=C(C3=C4C(N(N=C4C=C2S(=O)(=O)N2CCCC2)C2=NC=CC=C2)CCN3)C1=O,"10-methyl-4-(pyridin-2-yl)-7-(pyrrolidin-1-ylsulfonyl)-3,4-dihydro-1H-1,4,5,10-tetraazadibenzo[cd,f]azulen-11(10H)-one",G,0.0178,0.00815,0.0427
267,C(C)S(=O)(=O)C=1C2=C(C3=C4[C@@H](N(C=C4C1)C(C)C1=CC=CC=C1)CCN3)C(N(C=C2)C)=O,"(S)-7-(ethylsulfonyl)-10-methyl-4-(1-phenylethyl)-3,4-dihydro-1H-1,4,10-triazadibenzo[cd,f]azulen-11(10H)-one",G,0.0727,0.0947,ND
268,FC1=C(C=CC(=C1)F)N1C=C2C=C(C3=C(C4=C2C1[C@@H](CN4)CCC(=O)OC)C(N(C=C3)C)=O)CS(=O)(=O)C,"(R)-methyl 3-(4-(2,4-difluorophenyl)-10-methyl-7-((methylsulfonyl)methyl)-11-oxo-3,4,10,11-tetrahydro-1H-1,4,10-triazadibenzo[cd,f]azulen-3-yl)propanoate",G,0.0828,0.0164,ND
269,FC1=C(C=CC(=C1)F)N1C=C2C=C(C3=C(C4=C2C1[C@H](CN4)CCC(=O)OC)C(N(C=C3)C)=O)CS(=O)(=O)C,"(S)-methyl 3-(4-(2,4-difluorophenyl)-10-methyl-7-((methylsulfonyl)methyl)-11-oxo-3,4,10,11-tetrahydro-1H-1,4,10-triazadibenzo[cd,f]azulen-3-yl)propanoate",G,0.00569,0.00092,ND
270,FC1=C(C=CC(=C1)F)N1C=C2C=C(C3=C(C4=C2C1CC(N4)C=4C=NN(C4)C)C(N(C=C3)C)=O)S(=O)(=O)C,"4-(2,4-difluorophenyl)-10-methyl-2-(1-methyl-1H-pyrazol-4-yl)-7-(methylsulfonyl)-3,4-dihydro-1H-1,4,10-triazadibenzo[cd,f]azulen-11(10H)-one",G,0.011,0.00335,0.0807
271,ClC1=CC=C(C=C1)N1C=C2C=C(C3=C(C4=C2C1CC(N4)C=4C=NN(C4)C)C(N(C=C3)C)=O)S(=O)(=O)C,"4-(4-chlorophenyl)-10-methyl-2-(1-methyl-1H-pyrazol-4-yl)-7-(methylsulfonyl)-3,4-dihydro-1H-1,4,10-triazadibenzo[cd,f]azulen-11(10H)-one",G,0.00391,0.00164,0.0852
272,C(C)NC(=O)[C@@H]1NC2=C3C(N(C=C3C=C(C3=C2C(N(C=C3)C)=O)S(=O)(=O)CC)C(CC)C3=CC=CC=C3)C1,"(R)-N-ethyl-7-(ethylsulfonyl)-10-methyl-11-oxo-4-(1-phenylpropyl)-3,4,10,11-tetrahydro-1H-1,4,10-triazadibenzo[cd,f]azulene-2-carboxamide",G,0.0589,0.00635,ND
273,CN1C=CC2=C(C3=C4C(N(C=C4C=C2CS(=O)(=O)C)C2=NC=CC=C2)CC(N3)C=3C=NN(C3)C)C1=O,"10-methyl-2-(1-methyl-1H-pyrazol-4-yl)-7-((methylsulfonyl)methyl)-4-(pyridin-2-yl)-3,4-dihydro-1H-1,4,10-triazadibenzo[cd,f]azulen-11(10H)-one",G,0.00112,0.00088,ND
274,CN1C=CC2=C(C3=C4C(N(C=C4C=C2S(=O)(=O)C)C2=CC=CC=C2)CC(N3)C=3C=NN(C3)C)C1=O,"10-methyl-2-(1-methyl-1H-pyrazol-4-yl)-7-(methylsulfonyl)-4-phenyl-3,4-dihydro-1H-1,4,10-triazadibenzo[cd,f]azulen11(10H)-one",G,0.00283,0.00156,ND
275,CN1C=CC2=C(C3=C4C(N(C=C4C=C2S(=O)(=O)C)C2=NC=CC=C2)CC(N3)C=3C=NN(C3)C)C1=O,"10-methyl-2-(1-methyl-1H-pyrazol-4-yl)-7-(methylsulfonyl)-4-(pyridin-2-yl)-3,4-dihydro-1H-1,4,10-triazadibenzo[cd,f]azulen-11(10H)-one",G,0.00209,0.00085,ND
276,FC1=CC=C(C=C1)N1C=C2C=C(C3=C(C4=C2C1CC(N4)C=4C=NN(C4)C)C(N(C=C3)C)=O)CS(=O)(=O)C,"4-(4-fluorophenyl)-10-methyl-2-(1-methyl-1H-pyrazol-4-yl)-7-((methylsulfonyl)methyl)-3,4-dihydro-1H-1,4,10-triazadibenzo[cd,f]azulen-11(10H)-one",G,0.00119,0.00118,ND
